id,title,key
大梅沙海滨公园,人满为患体验不佳，,体验 一同 漫步 点儿 炎炎夏日 灰尘 火车站 火车 瀑布 激动 演出票 烟味 漂亮 满街 满意 满地 滞留 溪谷 湖贝路 烂尾 烟头 游泳圈 热带 特色 特多 特地去 特区 特别 物价 牛杂
大梅沙海滨公园,大梅沙已经暂停开放了，大家不要被携程骗了！白跑一趟！9月，受台风山竹影响，大梅沙海滨公园受灾严重，进入闭园大修阶段。11月28日，记者从盐田区了解到，在确保运营安全及避免投资浪费的情况下，盐田区工务局会同盐田区城管局及代建单位先行对园区部分设施进行修复，力争2019年5月开放海滨公园部分区域，力争2019年12月底前完成海滨公园的主体重建工作。,盐田区 海滨公园 力争 开放 阶段 先行 确保 投资 代建 受灾 工务局 会同 运营 山竹 主体 白跑一趟 记者 修复 单位 区域 情况 工作 重建 暂停 台风 闭园 影响 浪费 园区 携程
大梅沙海滨公园,如果只是单纯要游泳，还可以，其它的没啥，栈道还没修复好，就海边用绿色铁丝网围住一小块可以游泳，没了，失望，浪费时间，还不如来欢乐海岸，性价比还比较高,游泳 铁丝网 栈道 欢乐 围住 修复 浪费时间 绿色 性价比 失望 炎炎夏日 灰尘 火车站 火车 瀑布 一同 激动 漫步 烂尾 演出票 漂亮 满街 满意 满地 点儿 热带 烟味 爬山虎 特地去 特区
大梅沙海滨公园,里面收费很贵，建议自己携带泳衣，游泳圈，防水袋，水很不干净，里面很多垃圾姨妈巾都有，很多乱七八糟的,游泳圈 防水 姨妈 携带 泳衣 干净 收费 建议 垃圾 牛杂 演出票 特地去 火车站 火车 瀑布 激动 漫步 漂亮 炎炎夏日 满街 满意 满地 滞留 溪谷 灰尘 点儿 牙膏 特区 物价 牌子
大梅沙海滨公园,第一次去深圳！然而去了大梅沙，包放沙滩上被人拿走了，对深圳人民很失望,深圳 包放 拿走 人民 失望 一同 烂尾 点儿 炎炎夏日 灰尘 火车站 火车 瀑布 烟头 激动 漫步 演出票 漂亮 满街 满意 满地 烟味 热气球 热带 牙膏 特色 特多 特地去 特区 特别
大梅沙海滨公园,大梅沙附近最近都有大工程 噪音很大 不要来住海景酒店 没有海浪声 只有工程噪音,噪音 工程 来住 海浪声 海景 酒店 很大 满街 漂亮 烂尾 点儿 滞留 炎炎夏日 满地 灰尘 火车站 火车 瀑布 烟头 激动 漫步 演出票 满意 烟味 热狗 热带 热气球 特多 特地去 特区
大梅沙海滨公园,大梅沙最近施工，封闭了，根本进不去，最早可能1月份以后才开放（据当地执勤人员说）,最早 执勤 施工 进不去 人员 月份 封闭 开放 演出票 漫步 激动 瀑布 烟味 火车站 漂亮 满街 灰尘 炎炎夏日 点儿 烂尾 满意 满地 滞留 火车 一同 溪谷 牌子 特多 特地去 特区
大梅沙海滨公园,闭园！据说去年台风吹毁了部分设施，重建中。,吹毁 重建 闭园 台风 设施 一同 火车 烂尾 点儿 炎炎夏日 灰尘 火车站 激动 瀑布 烟头 漫步 演出票 漂亮 满街 满意 满地 滞留 烟味 热气球 热带 牙膏 特色 特多 特地去 特区
大梅沙海滨公园,我还是喜欢小梅沙！第一次看见大海比较激动，我的第一感觉是挺喜欢的！,喜欢 激动 大海 感觉 瀑布 烟味 烂尾 点儿 炎炎夏日 灰尘 火车站 火车 漫步 热带 演出票 漂亮 满街 满意 满地 滞留 烟头 一同 热气球 牙膏 特色 特多 特地去 特区 特别 物价
大梅沙海滨公园,贵贵贵～出来玩钱不是重点，重点是开心，可这钱花的真不爽，海滩边上那么多人你水走量也能赚死你了标那么贵心吃秤砣了，泳衣质量差，租个伞问多钱问了五遍不理人，谁都不理，旁边的人甩了一百他才开口差五十，买水的服务员也是态度差差差，没啥玩的就一个摩托艇只有两三辆想玩排队等着吧！真恶心的景区,不理 重点 贵贵贵 服务员 秤砣 开口 不爽 摩托艇 贵心 走量 买水 玩钱 泳衣 开心 差差 质量 海滩 态度 恶心 排队 景区 火车站 满地 滞留 满意 溪谷 满街 漂亮 演出票 漫步
大梅沙海滨公园,因为是免费的，什么样的人都有，更衣室地上完全黑水，沙滩海里全是垃圾，也不知道会不会有人吐痰，绝对不要去绝对不要去，去到那里我一看是这样的沙滩一点玩的兴致都没有了,绝对 黑水 更衣室 兴致 吐痰 垃圾 免费 火车 烂尾 点儿 炎炎夏日 灰尘 火车站 漫步 瀑布 激动 演出票 漂亮 满街 满意 满地 滞留 烟味 一同 烟头 牌子 特色 特多 特地去 特区
大梅沙海滨公园,要2019年5月份才开放 现在闭园 沙滩都进不去,进不去 月份 闭园 开放 瀑布 烂尾 点儿 炎炎夏日 灰尘 火车站 火车 一同 漫步 演出票 漂亮 满街 满意 满地 滞留 溪谷 激动 烟头 烟味 牌子 特多 特地去 特区 特别 物价 牛杂
大梅沙海滨公园,除了门票，如果没有自带游水设备，里面有购，但很贵...而且游后冲凉也是要收费的，这个有点坑爹，很多人都说西冲比大梅沙好玩,自带 有购 游水 冲凉 很贵 设备 收费 有点 好玩 门票 牙膏 激动 炎炎夏日 灰尘 火车站 火车 瀑布 漫步 烂尾 演出票 特区 特地去 漂亮 满街 满意 点儿 烟头 烟味 牌子 热带
大梅沙海滨公园,十一期间只开放了3天，其他时间关闭，只能望园兴叹，拒之门外，想去了要确定开放时间，要不只能败兴而归,时间 只能 开放 拒之门外 兴叹 想去 关闭 瀑布 点儿 炎炎夏日 灰尘 火车站 火车 一同 激动 漫步 烂尾 漂亮 满街 满意 满地 滞留 演出票 烟味 烟头 热带 特色 特多 特地去 特区
大梅沙海滨公园,好玩是好玩？但坐车大难坐车了东跑跑西跑，去一次就要留在那过夜才能去要不然去的话玩的时间就不长久,坐车 好玩 跑跑 留在 长久 大难 西跑 时间 满街 漂亮 演出票 漫步 满意 激动 瀑布 火车 火车站 满地 滞留 溪谷 灰尘 炎炎夏日 点儿 一同 烂尾 湖贝路 特地去 特区 特别 物价
大梅沙海滨公园,深圳大梅沙是免费开放的，所以周末节假日人多！海水质量很一般，来深圳看海还是去南澳吧！,深圳 南澳 质量 海水 开放 免费 瀑布 烂尾 点儿 炎炎夏日 灰尘 火车站 火车 漫步 激动 烟头 演出票 漂亮 满街 满意 满地 滞留 烟味 一同 热带 牙膏 特色 特多 特地去 特区
大梅沙海滨公园,因为免费么，哪里都脏的啊！感觉没一处干净的,干净 免费 感觉 一同 激动 烂尾 点儿 炎炎夏日 灰尘 火车站 火车 瀑布 漫步 烟头 演出票 漂亮 满街 满意 满地 滞留 溪谷 烟味 热气球 热带 牙膏 特色 特多 特地去 特区 特别
大梅沙海滨公园,大梅沙很脏，配套设施也很差！如果要看海就去穿越海岸线！,穿越 配套 海岸线 很脏 设施 特别 烟味 点儿 炎炎夏日 灰尘 火车站 火车 瀑布 激动 漫步 演出票 漂亮 满街 满意 满地 滞留 溪谷 烂尾 特多 物价 烟头 牛杂 牙膏 特区 牌子
大梅沙海滨公园,大家小心点，停一下车不启动缴费系统。罚单500，就是个坑，等你跳！！！！,缴费 罚单 启动 系统 小心 漫步 炎炎夏日 灰尘 火车站 火车 瀑布 激动 一同 演出票 烂尾 漂亮 满街 满意 满地 滞留 溪谷 湖贝路 点儿 烟头 烟味 游泳圈 特多 特地去 特区 特别
大梅沙海滨公园,醉了大梅沙！刚买的三千多的鞋子放沙滩储存鞋子的地方十分钟被偷走！工作人员派出所均不管！没意思,鞋子 储存 偷走 派出所 没意思 工作人员 地方 漫步 点儿 炎炎夏日 灰尘 火车站 火车 瀑布 激动 漂亮 演出票 烟味 满街 满意 满地 滞留 溪谷 湖贝路 烂尾 热带 烟头 游泳圈 特地去 特区
大梅沙海滨公园,虽然是免费的，可从市区开车过去却要五六个钟（含堵车5个钟）；到了已是夜晚，可人流还是跟东门一样；早上起来，沙滩已成了垃圾场......,已成 东门 市区 堵车 垃圾场 开车 人流 免费 活动 瀑布 烂尾 点儿 炎炎夏日 灰尘 泡泡 火车站 火车 激动 派出所 漫步 演出票 漂亮 满街 满意 满地 滞留 烟味 烟头 热带 热气球
大梅沙海滨公园,周末就是虾米长，人多水少，下饺子，垃圾到处都是，游客素质什时间能够提高。,素质 虾米 提高 饺子 时间 游客 垃圾 滞留 溪谷 炎炎夏日 灰尘 火车站 湖贝路 火车 瀑布 漫步 激动 演出票 烂尾 漂亮 满街 满意 满地 点儿 一同 烟味 游玩 特多 特地去 特区
大梅沙海滨公园,超级差，劝大家千万别来，就是一个垃圾站，沙滩也不是真正的沙滩,垃圾站 游玩 烂尾 点儿 炎炎夏日 灰尘 火车站 火车 瀑布 激动 漫步 演出票 漂亮 满街 满意 满地 滞留 溪谷 湖贝路 烟味 一同 热带 牙膏 特色 特多 特地去 特区 特别 物价 牛杂
大梅沙海滨公园,就一个海滩，很没意思，玩个海边还可以,海滩 没意思 激动 烟味 烂尾 点儿 炎炎夏日 灰尘 火车站 火车 瀑布 一同 烟头 演出票 漂亮 满街 满意 满地 滞留 溪谷 漫步 热带 游玩 牙膏 特色 特多 特地去 特区 特别 物价
大梅沙海滨公园,"人又多
垃圾多
更換衣服門上玻璃是壞的
非常臭的沙灘",衣服 沙灘 玻璃 非常 垃圾 激动 点儿 炎炎夏日 灰尘 火车站 火车 瀑布 演出票 漫步 烟味 漂亮 满街 满意 满地 滞留 溪谷 烂尾 一同 湖贝路 牌子 特多 特地去 特区 特别 物价
大梅沙海滨公园,看海还是看人海，喜欢扎堆的就去吧，一定有惊喜,惊喜 扎堆 喜欢 一同 激动 烂尾 点儿 炎炎夏日 灰尘 火车站 火车 瀑布 漫步 烟头 演出票 漂亮 满街 满意 满地 滞留 溪谷 烟味 热气球 热带 游玩 特多 特地去 特区 特别 物价
大梅沙海滨公园,不知道怎么说有点失望比我想象中的差太远了,想象 有点 失望 激动 烂尾 点儿 炎炎夏日 灰尘 火车站 火车 瀑布 一同 烟头 漫步 演出票 漂亮 满街 满意 满地 滞留 溪谷 烟味 热气球 热带 热狗 特色 特多 特地去 特区 特别
大梅沙海滨公园,人山人海，此生最失意的一次出行！脏乱差！无法用语言形容,失意 形容 语言 人山人海 出行 脏乱差 一同 瀑布 烂尾 点儿 炎炎夏日 灰尘 火车站 火车 漫步 激动 演出票 漂亮 满街 满意 满地 烟味 热带 烟头 牌子 特多 特地去 特区 特别 物价
大梅沙海滨公园,市民免费海滩。沙滩比较大。但沙质较粗。有几个出租的小商店，周围卫生比较差，满地烟头瓜子壳。小偷比较多。,烟头 小商店 出租 满地 沙质 小偷 瓜子壳 市民 海滩 免费 火车站 烂尾 点儿 炎炎夏日 灰尘 一同 火车 激动 漫步 演出票 漂亮 满街 满意 滞留 瀑布 热带 烟味 湖贝路 特地去 特区
大梅沙海滨公园,"1,水质太差了,水黑不溜秋的
2,有旅客还带着自己的宠物一同下水
3,沙滩上垃圾太过,而且旅客也不注意卫生,随地吐痰
4,物价太贵
5,没有设置一些租柜给旅客放置贵重物品",旅客 一同 租柜 放置 贵重物品 宠物 随地吐痰 设置 物价 下水 水质 垃圾 瀑布 火车站 火车 灰尘 激动 漂亮 漫步 演出票 点儿 满街 满意 满地 滞留 溪谷 炎炎夏日 烟头 烂尾 爬山
大梅沙海滨公园,沙滩上全是垃圾，有意思吗？我朋友还让玻璃给伤到了,伤到 玻璃 有意思 朋友 垃圾 一同 瀑布 烂尾 点儿 炎炎夏日 灰尘 火车站 火车 漫步 激动 烟头 演出票 漂亮 满街 满意 满地 烟味 热气球 热带 牙膏 特色 特多 特地去 特区 特别
大梅沙海滨公园,三多， 人多，车多，垃圾多。满街都是人，像蝗虫,满街 蝗虫 垃圾 一同 漫步 炎炎夏日 灰尘 火车站 火车 瀑布 激动 演出票 烂尾 漂亮 满意 满地 滞留 溪谷 湖贝路 点儿 烟味 游泳圈 烟头 特多 特地去 特区 特别 物价 牛杂 牙膏
大梅沙海滨公园,脏乱差……像个垃圾场，不知道和暑期有没有关系，进去十分钟走了,关系 垃圾场 有没有 脏乱差 瀑布 烂尾 点儿 炎炎夏日 灰尘 火车站 火车 一同 烟味 漫步 演出票 漂亮 满街 满意 满地 滞留 激动 烟头 湖贝路 热带 特色 特多 特地去 特区 特别 物价
大梅沙海滨公园,现在的大梅沙、小梅沙都太脏了（游人过多、管理不善导致的吧），几乎没法下水，建议各位不要再去凑热闹。,游人 不善 没法 下水 导致 管理 建议 激动 炎炎夏日 灰尘 火车站 火车 瀑布 漂亮 漫步 演出票 烂尾 满街 满意 满地 滞留 溪谷 点儿 烟味 游玩 烟头 特多 特地去 特区 特别
大梅沙海滨公园,太多人了！节日看人海不是看大海，不过免费是这样子的,大海 样子 免费 滞留 瀑布 烟味 烂尾 点儿 炎炎夏日 灰尘 火车站 火车 激动 满地 热带 漫步 演出票 漂亮 满街 满意 烟头 一同 湖贝路 牙膏 特色 特多 特地去 特区 特别 物价
大梅沙海滨公园,说实话，真心不推荐。人越来越多卫生环境又差,说实话 真心 越来越 推荐 环境 一同 漫步 炎炎夏日 灰尘 火车站 火车 瀑布 激动 漂亮 演出票 烂尾 满街 满意 满地 滞留 溪谷 湖贝路 点儿 热带 烟味 爬山虎 特地去 特区 特别 物价
大梅沙海滨公园,真的不建议去，人多的跟下饺子一样，好恶心，对海都有阴影了,阴影 饺子 恶心 建议 真的 一同 演出票 火车站 火车 瀑布 激动 漫步 满街 漂亮 炎炎夏日 满意 满地 滞留 溪谷 湖贝路 游玩 灰尘 烂尾 点儿 游泳 特区 特别 物价 牛杂 牙膏
大梅沙海滨公园,不知道怎么样诶，去那天赶上台风,赶上 台风 一同 漫步 点儿 炎炎夏日 灰尘 火车站 火车 瀑布 激动 演出票 烟味 漂亮 满街 满意 满地 滞留 溪谷 湖贝路 烂尾 烟头 游泳圈 热带 特色 特多 特地去 特区 特别 物价
大梅沙海滨公园,人太多了，环境很脏乱,脏乱 环境 一同 漫步 点儿 炎炎夏日 灰尘 火车站 火车 瀑布 激动 演出票 烟味 漂亮 满街 满意 满地 滞留 溪谷 湖贝路 烂尾 烟头 状态 牌子 特多 特地去 特区 特别 物价 牛杂
莲花山公园,80多岁的老人想去看下山顶的邓小平塑像，居然不肯开，也没有轮椅，又是关爱服务车，又是党员服务点，形同虚设，还全国文明城市，40年改革开放，城市名片的服务就这样的？？？,服务 党员 文明城市 改革开放 服务车 轮椅 看下 不肯 塑像 名片 关爱 形同虚设 城市 想去 全国 山顶 老人 海景 灰尘 热带 烟头 烟味 烂尾 点儿 炎炎夏日 火车站 热狗 火车 瀑布 洗洗
莲花山公园,只有邓小平老人家肖像观赏，没有其它东西，只适合当地人做运动,肖像 老人家 当地人 观赏 运动 东西 适合 激动 灰尘 火车站 火车 瀑布 演出票 漫步 湖贝路 漂亮 满街 满意 满地 滞留 炎炎夏日 一同 点儿 烂尾 特区 特别 物价 牛杂 牙膏 牌子
红树林,"1. 在福田的红树林其实是两家单位。一家是“红树林自然保护区”，另一家是“福田红树林生态公园”。景点介绍把两家混为一家“红树林”是错误的。
2. 询问了当地人，“红树林自然保护区”从不对外开放。
3. “福田红树林生态公园”免费开放，但不临海（或到海边的路是被管制的）。在红树林公园不能到海边去看红树林，令人感觉有点挂羊头卖狗肉，名不符实，令人失望。",福田 自然保护区 生态 公园 另一家 对外开放 临海 错误 介绍 管制 当地人 询问 单位 有点 开放 失望 免费 感觉 景点 点儿 炎炎夏日 灰尘 火车站 激动 火车 瀑布 烟味 漫步 演出票 特地去
红树林,"不错！
【景色】又免费景色很好，又安静，蓝天，白云，绿意，空气中充满畅快，很好的草树结合地
【性价比】
【趣味】一个人玩也有趣，可想心事，很安逸
【性价比】高
【趣味】
【景色】好
【性价比】南国风物，热带风览",性价比 景色 趣味 风物 风览 南国 充满 心事 绿意 畅快 草树 热带 有趣 很好 空气 不错 免费 炎炎夏日 点儿 灰尘 一同 火车站 火车 激动 漫步 演出票 漂亮 满街 瀑布 烟头
红树林,一棵红树都没看到，别说树林了………光秃秃的海岸线，人造的草坪和绿化带。红树林呢？候鸟呢？,绿化带 候鸟 树林 海岸线 草坪 红树 人造 一同 火车 炎炎夏日 灰尘 火车站 瀑布 烂尾 激动 漫步 演出票 漂亮 满街 满意 满地 滞留 点儿 热带 烟味 爬山虎 特地去 特区 特别 物价
红树林,环境可以但是要政府大力扶持，听说要申请四A景区，那我就打算在这里长住 哈哈,长住 扶持 打算 政府 申请 听说 环境 景区 火车 烂尾 点儿 炎炎夏日 灰尘 火车站 一同 瀑布 烟味 漫步 演出票 漂亮 满街 满意 满地 激动 热带 烟头 牌子 特多 特地去 特区
红树林,红树林？！没看到几棵红树，不过景色不错,红树 景色 不错 一同 烂尾 点儿 炎炎夏日 灰尘 火车站 火车 瀑布 烟头 激动 漫步 演出票 漂亮 满街 满意 满地 滞留 烟味 热带 湖贝路 热气球 状态 特色 特多 特地去 特区 特别
红树林,海水是臭的。。一股臭水沟味道。。再也不想去了,臭水沟 味道 再也 海水 不想 火车 烟味 烂尾 点儿 炎炎夏日 灰尘 火车站 激动 瀑布 热带 漫步 演出票 漂亮 满街 满意 满地 滞留 烟头 热狗 热气球 牛杂 状态 特色 特多 特地去
红树林,免费的挺好，平时休闲还可以，不过没什么可以玩的,挺好 休闲 免费 没什么 漫步 点儿 炎炎夏日 灰尘 火车站 火车 瀑布 激动 一同 烟味 演出票 漂亮 满街 满意 满地 滞留 溪谷 烂尾 烟头 游玩 牌子 特多 特地去 特区 特别 物价
红树林,实在不怎么样，我去时雾气蒙蒙，海鸟廖廖，海水浑黄，唯有乐在骑行中。,海鸟 雾气 不怎么样 骑行 海水 实在 激动 点儿 炎炎夏日 灰尘 火车站 火车 瀑布 一同 烂尾 演出票 漂亮 满街 满意 满地 滞留 漫步 烟头 烟味 湖贝路 特多 特地去 特区 特别 物价
红树林,周末休闲娱乐亲子好去处！景色很美！散步！骑行！很好的去处！,亲子 去处 骑行 很好 好去处 散步 娱乐 休闲 景色 激动 漂亮 烟味 烂尾 点儿 满街 炎炎夏日 火车站 灰尘 瀑布 演出票 烟头 火车 漫步 一同 热狗 热带 热气球 特多 特地去 特区
红树林,一点都不好        红树林还不让进       太失望了,不让 不好 失望 烟味 烂尾 点儿 炎炎夏日 灰尘 火车站 火车 瀑布 激动 湖贝路 漫步 演出票 漂亮 满街 满意 满地 滞留 烟头 热带 热气球 热狗 狗屎 状态 特色 特多 特地去 特区
红树林,就一只野鸭子在海上晒太阳，海里面的水脏的要命，哪是蔚蓝的海啊，，明明就是长江水了,要命 长江 水脏 野鸭子 晒太阳 一同 激动 炎炎夏日 灰尘 火车站 火车 瀑布 演出票 漫步 烂尾 漂亮 满街 满意 满地 滞留 溪谷 点儿 烟味 游玩 爬山虎 特地去 特区 特别 物价 牛杂
深圳湾公园,设计太糟糕了，一下去走了几公里都上不来，根本就没有一个供人上去的地方,设计 上不来 糟糕 地方 溪谷 瀑布 烂尾 点儿 炎炎夏日 灰尘 火车站 火车 激动 滞留 烟头 漫步 演出票 漂亮 满街 满意 满地 烟味 一同 热带 游玩 特色 特多 特地去 特区 特别
深圳湾公园,海水超级脏，水质极差，黄黄的，交通方便,黄黄的 水质 交通 海水 极差 一同 火车 烂尾 点儿 炎炎夏日 灰尘 火车站 激动 瀑布 烟头 漫步 演出票 漂亮 满街 满意 满地 滞留 烟味 热气球 热带 湖贝路 特多 特地去 特区 特别
东部华侨城茶溪谷,体验不佳，景色一般，像是进入荒地一样杂草丛生，人工造景都没维护好，更别提自然景致了！,自然 荒地 景致 造景 人工 像是 杂草丛生 维护 景色 体验 漫步 演出票 漂亮 烟味 激动 瀑布 火车 火车站 满街 灰尘 满意 炎炎夏日 点儿 烂尾 一同 热狗 烟头 牌子 特地去 特区
东部华侨城茶溪谷,大概时隔六七年了，再次重游东部华侨城，因为这次是家庭出行考虑到宝宝还不太会玩，所以仅仅是走了一下茶溪谷，订的茵特拉根酒店。茶溪谷，花田被荒草取代了，小火车也在维修期间停开，甚是可惜。因为疫情？景区内只有一家餐饮店，当然，还有三两家类似报刊亭卖点风车泡泡机和泡面肠仔的地方，除此之外，没有看到工作人员，一派荒凉。下次再去可能要好好考虑一下。,溪谷 仅仅 卖点 报刊亭 餐饮店 疫情 肠仔 取代 重游 风车 不太会 泡泡 泡面 荒凉 荒草 家庭 出行 考虑一下 可惜 类似 酒店 停开 时隔 好好 华侨城 工作人员 维修 景区 火车 地方
东部华侨城茶溪谷,真的不要去，根本不值票价，很多景点都荒废了，封住了不给进，人也没几个，完全逛公园即视感，以前能玩一整天，现在玩一个小时都嫌多，根本没有人维护，到处都破破烂烂的，还专门开那么久车跑过来，不去逛家旁边的公园,逛公园 即视 嫌多 去逛 封住 跑过来 票价 维护 荒废 不值 小时 真的 景点 公园 火车 烂尾 满街 漫步 火车站 满意 灰尘 炎炎夏日 瀑布 激动 点儿 漂亮 演出票 一同 烟味 爬山
东部华侨城茶溪谷,东部华侨城倒闭吧！每年都来玩，今年体验极差！1、建筑旧得掉渣，到处杂草丛生，除了主干道，周围景点全部封闭，坐一个多小时车到这边来就是看了些破花残柳！2、之前小火车采取预约取号制，大家可以高效率地游玩，现在又变成了一窝蜂去排队，两个小时都排不上，另一个谷的门票只能白白浪费！景区变得毫无管理，严重劝退，倒闭算了！,倒闭 小时 预约 取号 排不上 一窝蜂 白白浪费 主干道 高效率 劝退 算了 建筑 变得 极差 杂草丛生 封闭 华侨城 游玩 只能 管理 排队 体验 景区 火车 景点 门票 烂尾 火车站 灰尘 炎炎夏日
东部华侨城茶溪谷,茶溪谷基本就是杂草谷，现场与网图严重不符。没有人维护，茶山和四季花田全是杂草,杂草 网图 茶山 不符 现场 维护 溪谷 满意 满街 满地 滞留 烟味 演出票 漫步 激动 瀑布 火车 火车站 灰尘 炎炎夏日 点儿 烂尾 漂亮 一同 烟头 牌子 特多 特地去 特区 特别
东部华侨城茶溪谷,我们一直买的是年卡，大侠谷和茶漂谷年卡，以前去玩，觉得还可以，现在茶溪谷里面环境一团糟。特别是停车费特别、特别夸张。希望整改，只是个人建议。,特别 夸张 整改 停车费 希望 建议 环境 溪谷 瀑布 点儿 炎炎夏日 灰尘 火车站 火车 演出票 激动 漫步 烟味 漂亮 满街 满意 满地 滞留 烂尾 热气球 烟头 热带 特多 特地去 特区
东部华侨城茶溪谷,千万不要去，园区早就荒废了，根本没有人，所有东西都年久失修的感觉，免费我都要考虑一下，135打水漂,早就 打水漂 考虑一下 年久失修 园区 东西 荒废 免费 感觉 牛杂 特地去 灰尘 特区 火车站 火车 瀑布 激动 特多 点儿 漫步 演出票 漂亮 满街 满意 满地 炎炎夏日 烂尾 牙膏 煎锅 牌子
东部华侨城茶溪谷,"景点是垃圾中的战斗机，根本无人维护，花坛是野草地，路是也草丛，湿地花园照片奉献给大家
携程夜市垃圾中的战斗机，申请售后，第一天告诉你协调，第二天告诉你退20%费用，并送你礼品卡第三天告诉你，20%费用就是礼品卡
评价竟然都没有无星评价，差评",告诉 礼品 费用 战斗机 评价 垃圾 草丛 无星 花坛 夜市 协调 售后 奉献给 野草 申请 照片 花园 无人 携程 维护 景点 点儿 演出票 烟味 烂尾 火车 热带 漫步 炎炎夏日 灰尘
东部华侨城茶溪谷,不要来这个地方，绝对让你失望。花135买的门票，还不如免费的公园好玩,绝对 失望 好玩 免费 门票 地方 公园 灰尘 烟头 烟味 烂尾 点儿 炎炎夏日 火车 火车站 瀑布 激动 漫步 演出票 漂亮 满街 满意 满地 热带 一同 热气球 牙膏 特色 特多 特地去
东部华侨城茶溪谷,什么都没有了，所有店都关门，花海也拆了，小火车也停了。体验感超级差，小店都没有，整个公园稍微走走就没了，早知道不花冤枉钱了。花钱买个教训吧！💩,稍微 小店 冤枉钱 教训 花钱买 花海 没了 走走 关门 体验 火车 公园 满意 烂尾 点儿 炎炎夏日 灰尘 滞留 火车站 激动 瀑布 满街 漫步 演出票 满地 漂亮 烟味 一同 烟头 爬山虎
东部华侨城茶溪谷,体验不佳，性价比低，景色一般，可玩性低，,可玩性 性价比 景色 体验 点儿 炎炎夏日 灰尘 火车站 火车 瀑布 激动 演出票 漫步 烟味 漂亮 满街 满意 满地 滞留 溪谷 烂尾 烟头 游玩 热带 特色 特多 特地去 特区 特别 物价
东部华侨城茶溪谷,景色一般，可玩性低，体验不佳，性价比低，,可玩性 性价比 景色 体验 点儿 炎炎夏日 灰尘 火车站 火车 瀑布 激动 演出票 漫步 烟味 漂亮 满街 满意 满地 滞留 溪谷 烂尾 烟头 游玩 热带 特色 特多 特地去 特区 特别 物价
东部华侨城茶溪谷,不要来这个地方，绝对让你失望。花135买的门票，还不如免费的公园好玩，真的非常不值得，网页也没有任何公布说景点关闭的信息，欺骗消费者，所有的店面也是关闭的，没有一点游玩的乐趣，园区已经无人打理，很多路不是被封就是无人打理，茶园都被一片杂草丛生！完全欺骗消费者！奉劝想要来的朋友，千万别来！！！！！！！！千万别来！！！！！千万别来！！！！,消费者 欺骗 无人 打理 关闭 奉劝 想要 乐趣 信息 网页 店面 公布 绝对 茶园 杂草丛生 朋友 园区 游玩 非常 真的 失望 好玩 值得 免费 景点 门票 地方 公园 点儿 烂尾
东部华侨城茶溪谷,单独茶溪谷没有好看的，大部分封堵，不开放，感觉像倒闭一样。大峡谷有个别景点在整改，不过不影响性价比，整体来说大峡谷还是比较不错的。,大峡谷 封堵 单独 整改 整体 倒闭 影响 好看 性价比 开放 不错 溪谷 感觉 景点 火车站 炎炎夏日 灰尘 一同 火车 烂尾 瀑布 激动 漫步 演出票 漂亮 点儿 热气球 烟味 牌子 特多
东部华侨城茶溪谷,小火车没有开，花也没有，店也没开，景区里已经什么都没有可看的了。匆匆逛了一两个小时就离开了。,离开 可看 没开 小时 景区 火车 一同 瀑布 烂尾 点儿 炎炎夏日 灰尘 火车站 漫步 激动 烟头 演出票 漂亮 满街 满意 满地 滞留 烟味 热气球 热带 牙膏 特色 特多 特地去 特区
东部华侨城茶溪谷,超级无敌失望，感觉逛免费的公园都比他强，里面很多东西都没有维护好，半个小时就出来了，浪费门票钱，可玩性低，体验不佳，性价比低，景色一般，,无敌 可玩性 浪费 东西 性价比 维护 景色 体验 小时 失望 免费 感觉 门票 公园 点儿 炎炎夏日 灰尘 特地去 火车站 火车 瀑布 激动 漫步 特多 演出票 漂亮 满街 特色 烂尾 特区
东部华侨城茶溪谷,没意思，景点不好玩！体验不佳，,没意思 不好玩 体验 景点 漫步 点儿 炎炎夏日 灰尘 火车站 火车 瀑布 激动 演出票 烟味 漂亮 满街 满意 满地 滞留 溪谷 烂尾 烟头 游玩 热带 特色 特多 特地去 特区 特别 物价
东部华侨城茶溪谷,可玩性低，,可玩性 一同 漫步 点儿 炎炎夏日 灰尘 火车站 火车 瀑布 激动 演出票 烟味 漂亮 满街 满意 满地 滞留 溪谷 湖贝路 烂尾 烟头 游泳圈 热带 特色 特多 特地去 特区 特别 物价 牛杂
东部华侨城茶溪谷,进去啥都没有，就喂了一下鸽子,鸽子 一同 演出票 点儿 炎炎夏日 灰尘 火车站 火车 瀑布 激动 漫步 漂亮 烟味 满街 满意 满地 滞留 溪谷 湖贝路 游玩 烂尾 烟头 游泳 牌子 特多 特地去 特区 特别 物价 牛杂
东部华侨城茶溪谷,"不好玩 没几个景点，我去的时候都没几个人冷冷清清的  最坑人的是在那里停车太贵了，停了半天就要五十多块钱，好几个地方都不开放，里面蚊子好厉害，咬的手脚都好多包。
【性价比】门票有点贵",厉害 手脚 块钱 蚊子 坑人 停车 性价比 不好玩 有点 开放 景点 门票 地方 点儿 炎炎夏日 灰尘 火车 火车站 瀑布 激动 漫步 演出票 漂亮 满街 满意 烂尾 一同 烟味 烟头 特多
东部华侨城茶溪谷,里面店铺还有游玩的店儿都关门了，除了绿色的树和草儿没啥可看的，下雨天去的，代步车不能开，一直在走路，感觉像是爬山，很不值票价，最后逛了两三个小时，就赶紧出来了，还不如去对面的奥特莱斯逛街,店儿 逛街 赶紧 走路 草儿 下雨天 代步车 对面 绿色 像是 可看 店铺 爬山 游玩 票价 不值 关门 小时 感觉 演出票 漂亮 灰尘 火车站 火车 瀑布 满意 溪谷 满街 滞留 满地
东部华侨城茶溪谷,都是观赏的，那个花海，哎呀，太差了，最值得的就是小火车，可以去大峡谷的，高空小火车，欣赏风景,火车 高空 欣赏 观赏 花海 大峡谷 风景 值得 灰尘 火车站 瀑布 激动 漫步 点儿 演出票 漂亮 满街 满意 满地 滞留 溪谷 炎炎夏日 烂尾 游玩 爬山虎 特多 特地去 特区 特别 物价
东部华侨城茶溪谷,慕名五彩花田来的，结果很失望，里面的花全都死了，感觉根本没事搭理一样，请问是骗门票来的吗？小火车将就，排队两小时才坐到，不会再来的景区，感觉太失望了，,失望 感觉 请问 五彩 再来 坐到 搭理 没事 排队 小时 景区 火车 门票 烂尾 点儿 炎炎夏日 灰尘 瀑布 火车站 烟头 激动 漫步 演出票 漂亮 满街 满意 烟味 煎锅 热带 牙膏
东部华侨城茶溪谷,感觉不值得收那么贵的门票！不想再去！,不想 值得 感觉 门票 激动 烂尾 点儿 炎炎夏日 灰尘 火车站 火车 瀑布 漫步 烟头 演出票 漂亮 满街 满意 满地 滞留 溪谷 烟味 一同 游玩 热带 特色 特多 特地去 特区 特别
东部华侨城茶溪谷,"巨坑无比，比天坑还坑！！！
主要有这几个方面体现:
1. 景点在整修期间，没有任何通知，仍然按原价售票。使得当天游客并没有体验到门票应有的价值。
2.整改期间，并没有任何得备用措施，例如所有餐厅关门，景区大部分景点关闭。
3. 整改期间，东部华侨城没有任何提前通知，等到游客进入园区后，询问工作人员才得知，园区正在整改。属于欺骗行为。
4.停车场在整改期间居然还继续收费，而且收费价格比其他景点还贵。
茶溪谷除了小火车，真的很无聊，还不如莲花山漂亮！下次绝对不会再来！也不会推荐朋友来玩！",整改 通知 景点 园区 收费 游客 价格比 天坑 原价 价值 体现 售票 漂亮 应有 巨坑 备用 无比 得知 提前 莲花山 措施 询问 整修 停车场 欺骗 绝对 朋友 餐厅 无聊 华侨城
东部华侨城茶溪谷,很一般，很多地方都荒废了，杂草丛生，特别适合放牛，差评,放牛 杂草丛生 适合 荒废 特别 地方 瀑布 烂尾 点儿 炎炎夏日 灰尘 火车站 火车 一同 激动 烟味 演出票 漂亮 满街 满意 满地 滞留 漫步 热带 烟头 湖贝路 特多 特地去 特区 物价
东部华侨城茶溪谷,毫无体验感，杂草一堆，完全没有维护，这种景区也好意思收费，我也是服了。深圳随便一个大点的公园，绿化都比里面好。,大点 绿化 好意思 随便 杂草 收费 维护 深圳 体验 景区 公园 漂亮 灰尘 烂尾 满意 点儿 炎炎夏日 火车站 演出票 满街 火车 烟味 激动 漫步 瀑布 热带 烟头 牌子 特多 特地去
东部华侨城茶溪谷,很多景点都是荒废的，杂草丛生。,杂草丛生 荒废 景点 激动 点儿 炎炎夏日 灰尘 火车站 火车 瀑布 一同 烟味 漫步 演出票 漂亮 满街 满意 满地 滞留 溪谷 烂尾 热带 烟头 牌子 特多 特地去 特区 特别 物价 牛杂
东部华侨城茶溪谷,没什么好看，花田是光秃秃的草，餐厅都倒闭了，只能吃牛杂和热狗，也没什么趣味活动，除了绿色还是绿色,绿色 没什么 牛杂 热狗 趣味 倒闭 活动 餐厅 只能 好看 火车 炎炎夏日 灰尘 火车站 激动 瀑布 烂尾 漫步 演出票 漂亮 满街 满意 满地 滞留 溪谷 点儿 一同 烟味 烟头 特多
东部华侨城茶溪谷,"难得一次差评，心疼假期，心疼钱，慕名而来，失望而归。那些个特点景点都不知道特色在哪里，好不容易找到个空中廊桥，走到入口，然而已被封闭，好冷。三洲茶园，觉得还不如回自己老家看；那啥湿地花园，整得提手机拍照的欲望都木有；茶翁古镇，就一栋古风茶楼，几个卖茶叶的店铺，一个戏台茵(话说戏台也是一个景点)；特拉根小镇，是实在不甘心就去小镇坐了趟火车，不能白来啊。吐槽了一番来点实质性的建议:首先年轻人不推荐玩，游乐设施在大峡谷，但我们没去，出来旅游就是想看地方特色风景，游乐场哪个城市都有，想来呼吸新鲜空气的在入园时建议租个代步车，想停留的时候就停车玩一会，尤其是有老人小孩的别省这个钱，因为景区虽然开发得一般，但确实是很大。
2、茶溪谷里旅客量少，景区大，商铺过少，所以水一定备足，少备点干粮，因为很少地方能买。入口处的几家餐厅推出的宣传海报餐价不算高，口味不知道。
3、西冲海滩，门票13元(持老人证免票)。沙滩小，环境一般，水质也一般，跟厦门，饶平的都没法比。海边木屋300元一晚，也就一房间2张床，没啥特别的。(没见过海的可能会有点新鲜，所以还是自己考虑吧)
4、70岁以上老人，上山大巴和景区门票都是免费的。
5、如果是自由行没开车建议住山下，斯维登东部华庭店还可以，吃饭、逛奥特莱斯、大小梅沙都挺方便的，就在东部华侨城入口旁边100米的样子。",老人 建议 心疼 戏台 景区 入口 特色 景点 门票 古风 口味 甘心 吐槽 好不容易 慕名而来 老家 备足 推出 想来 呼吸 木屋 厦门 欲望 实质性 自由 手机 茶叶 茶楼 游乐场 新鲜
东部华侨城茶溪谷,大部分设施都没有开放，林间小路居然走到了封闭区域，翻栅栏才出来。这个时间段真的不值得来这里。,时间段 栅栏 林间 小路 区域 走到 封闭 真的 开放 设施 值得 演出票 漫步 漂亮 激动 瀑布 满街 满意 火车 满地 火车站 灰尘 滞留 炎炎夏日 点儿 一同 热带 烂尾 烟味 特区
东部华侨城茶溪谷,古镇破败不堪，没人经营，只有几个人在古镇卖小吃。植物馆与教堂已经不复存在，好几个项目停了在维护，真正破落败像而价格奇高，真是乘兴而来，败兴而归。,古镇 奇高 乘兴而来 落败 不复存在 经营 教堂 不堪 植物 小吃 破败 价格 维护 项目 牛杂 火车站 点儿 特多 炎炎夏日 灰尘 火车 特区 瀑布 特色 状态 激动 漫步 演出票 漂亮 特地去
东部华侨城茶溪谷,记录 8月19日 ，跟着抖音来的， 差的不行，真的很差， 环境差，服务差， 可以不给星，我真的一个星都不想给，整个园区 就只有门口的歌舞表演，跟小火车坐一坐，其他的项目全部 都在维修升级……  没有啥好玩的…… 一百多块， 叫老爷爷老奶奶 上来散散步 就好啦， 年轻人就不要来玩了# 谢谢，,真的 不行 跟着 抖音来 老奶奶 记录 歌舞 散散步 升级 年轻人 园区 不想 表演 服务 维修 项目 环境 好玩 火车 漂亮 灰尘 演出票 漫步 激动 满街 瀑布 满意 满地 滞留 火车站
东部华侨城茶溪谷,真的是太差劲了，买了两天的通票，周五和周六，就怕哪个项目停运，结果两天，最经典的三个项目，木制过山车，云霄飞车，森林小火车，全部都莫名停运！！！！说是维护，周五停运理解，周六游客那么多，还停运！工作人员说是天气原因，拜托，那么大的太阳，把游客当傻子吗？全家人欢天喜地过来，结果最想玩的一个都玩不了，这简直是赤裸裸的欺骗消费者！也不提前公示一下，周五的确在售票处有个牌子注明了哪个维修停运，周六那个牌子莫名不见了，大家以为就是都正常运行了，结果只有走到项目跟前，才被得知停运！每个项目都离的很远，又都是在山上，大家不怕累，只要能玩上就开心，结果是这样的结果！真的是太气了！再也不会来了！华侨城就是各种想办法把游客骗进去，至于进去了能玩什么，就不管了。反正钱赚到了。简直就把消费者当傻子，这是我们一家的真实经历，大家可以参考，别千里迢迢过来却扫兴而归！,停运 项目 游客 牌子 傻子 莫名 消费者 真的 不怕累 真实 不见 扫兴 售票处 太气 过山车 通票 木制 运行 很远 了能 理解 全家人 反正 参考 太阳 天气 办法 得知 森林 原因
东部华侨城茶溪谷,"昨天刚去了，千万不要去。太烂了。
1.山上的店都关门了：陶艺坊，茶室，餐厅
2.需要人工操作的设施都没开放：云中漫步等
3.设施年久失修：水车，秋千等，都坏了
4.只能在茶溪谷刚入园那里吃饭，但是所有店都是关门的：KFC等。唯一能吃的就是路边有人随便支了几个小摊。拿几个煎锅就开张了。

既然过年期间你要休假，就不要开门。开个门，把设施和各种店都关门是几个意思？",关门 设施 操作 休假 煎锅 太烂 开张 云中 水车 支了 陶艺 茶室 开门 漫步 小摊 人工 年久失修 随便 餐厅 吃饭 只能 开放 溪谷 满意 炎炎夏日 漂亮 演出票 满街 激动 瀑布
东部华侨城茶溪谷,非常不值得去，设备陈旧，到处残垣断壁，有种年久失修的感觉；6年前在深圳生活时去过好几次，那时的印象非常不错，再次故地重游，无比失望。,非常 故地重游 印象 生活 无比 年久失修 深圳 失望 不错 值得 感觉 火车站 烂尾 点儿 炎炎夏日 灰尘 一同 火车 瀑布 烟味 漫步 演出票 漂亮 满街 满意 激动 热气球 烟头 牌子 特多
东部华侨城茶溪谷,已经比几年前差太多了，景点缩水，工作人员服务不到位，离园时停车场乱成一锅粥，没有人指挥，出个车等几十分钟，发誓再也不会来了！,指挥 一锅粥 离园 缩水 前差 发誓 到位 再也不会 停车场 工作人员 服务 景点 烂尾 点儿 炎炎夏日 满街 灰尘 漫步 火车站 演出票 火车 烟味 瀑布 激动 漂亮 热带 烟头 满地 特色 特多
东部华侨城茶溪谷,初中去过一次大峡谷 没去过茶溪谷 这次去茶溪谷 就是一个公园 没什么好玩的 一两个小时看完  然后又去了大峡谷 时隔十年 不得不说变得很旧  门票那么贵 根本不值这个价 大部分游乐设施都在维修  很不愉快的一次旅行,大峡谷 溪谷 愉快 旅行 时隔 游乐 变得 不值 维修 小时 设施 好玩 没什么 门票 公园 特地去 炎炎夏日 特别 灰尘 特区 火车站 火车 牙膏 瀑布 激动 特多 漫步 演出票 漂亮 特色
东部华侨城茶溪谷,体验不是一般的差：1，什么藤桥、铁桥所有的桥都封了，关键是景区里没有通知通告，路上也没有指示牌，吭哧吭哧走过去，只见桥头贴了一张A4纸，下一个桥还是这样。2，几乎所有的店铺关门歇业。3，几个场馆关闭或拆掉，如植物馆。4，整个转下来，一种破败萧条的景象。5，如此的大维护，价格一分不少。总之，今日的茶溪谷，已不是前几年的茶溪谷。,溪谷 通告 指示牌 铁桥 关门歇业 桥头 关键 景象 只见 拆掉 萧条 通知 场馆 植物 不少 破败 价格 店铺 关闭 维护 体验 景区 灰尘 火车站 火车 炎炎夏日 瀑布 演出票 激动 漫步
东部华侨城茶溪谷,今生再不去茶溪谷。茶溪谷估计不搞活动，就没有人流。所以搞59元促销。服务配套都跟不上。本来抱着带娃上去坐一圈小火车就走计划。结果大雨倾盆，偌大的茶溪谷连个躲雨的地方也没有。小火车排队4个小时也没坐上。算了，不坐也罢，早点下山吧，结果被困山中下不来。暴雨是一方面，可是园方有没有一点紧急处置办法出来。你们的不作为只是在毁自家招牌。成百上千人被困山上下不来，嗷嗷幼儿也困其中。一段不愿回首的茶溪谷记忆。一天，一张图片没拍过，茶溪谷真没什么好玩的，大家千万不要去花钱买罪受。,溪谷 下不来 被困 火车 图片 幼儿 早点 跟不上 紧急 招牌 处置 记忆 再不去 暴雨 躲雨 促销 大雨倾盆 回首 有没有 办法 配套 计划 算了 花钱买 人流 估计 活动 下山 服务 排队
东部华侨城茶溪谷,千里迢迢过去发现茶溪谷的管理越来越差了！在驿站那里一路走一路看见大蜘蛛，除了小火车能看到一小段景色以外真没什么好玩的.,一小 驿站 发现 蜘蛛 越来越 管理 景色 好玩 溪谷 火车 没什么 漂亮 灰尘 满地 烂尾 点儿 炎炎夏日 满意 火车站 演出票 烟味 激动 满街 漫步 瀑布 热带 烟头 热气球 特多 特地去
东部华侨城茶溪谷,项目大部分关闭，商店全部关闭，就剩小火车了，总体来说只能差评了，期待早日更新,关闭 剩小 商店 期待 更新 总体 只能 项目 火车 灰尘 烂尾 点儿 炎炎夏日 瀑布 火车站 烟头 激动 漫步 演出票 漂亮 满街 烟味 热气球 热带 满地 状态 特色 特多 特地去 特区
东部华侨城茶溪谷,今天到茶溪谷吃了个闭门羹，据门口保安说从12月份起就闭园了，何时开放尚未通知。又听说春节前后会开放几日～～怎么在携程上一点消息也没见，空跑一趟。,开放 尚未 空跑一趟 没见 消息 月份 听说 通知 闭园 保安 携程 溪谷 火车站 点儿 炎炎夏日 灰尘 漫步 火车 瀑布 激动 演出票 漂亮 满街 满意 满地 滞留 烂尾 一同 烟味 烟头
东部华侨城茶溪谷,那里除了一个像阿里山火车看看湖、别墅和风景不太好的山，真的没有什么好玩的，里面几个景点坏了都没有维修，过去堵的很，停车费也贵，里面东西也比其它景点贵不少，是我感觉去过最没有看点景点。,景点 不太好 看点 阿里山 别墅 不少 停车费 东西 维修 风景 真的 好玩 感觉 火车 瀑布 激动 火车站 灰尘 一同 点儿 漫步 演出票 漂亮 满街 满意 炎炎夏日 烟味 烂尾 爬山虎 特多
东部华侨城茶溪谷,茶镇是关着门的仓库！湿地花园..............,仓库 茶镇 花园 激动 烂尾 点儿 炎炎夏日 灰尘 火车站 火车 瀑布 演出票 漫步 烟头 漂亮 满街 满意 满地 滞留 溪谷 烟味 一同 热带 牌子 特多 特地去 特区 特别 物价 牛杂
东部华侨城茶溪谷,不要去，，，,一同 游泳圈 烂尾 点儿 炎炎夏日 灰尘 火车站 火车 瀑布 激动 漫步 演出票 漂亮 满街 满意 满地 滞留 溪谷 湖贝路 烟味 烟头 热带 牙膏 特色 特多 特地去 特区 特别 物价 牛杂
东部华侨城茶溪谷,极其可恶！买了门票赶过去，居然说在整体改造，所有店铺关门，啥也没看到，连中饭都没得吃。这又不是突发情况，明明应该公示的。要不是没时间真应该投诉消协！,突发 极其 消协 可恶 中饭 赶过去 改造 公示 情况 没得 整体 投诉 店铺 时间 关门 门票 火车站 灰尘 炎炎夏日 激动 火车 瀑布 烂尾 漫步 演出票 漂亮 满街 满意 满地 点儿
东部华侨城茶溪谷,感觉根本就不值这个价钱，和去园博园差不多，有点浪费钱，想玩点有意思的建议去大峡谷或是长隆,玩点 长隆 博园 有意思 价钱 浪费 大峡谷 不值 有点 建议 感觉 满街 烟头 烟味 烂尾 点儿 灰尘 炎炎夏日 热带 火车 瀑布 激动 漫步 演出票 漂亮 火车站 热狗 热气球 满地 特色
东部华侨城茶溪谷,一点也没意思，就看一些花花草草这有什么好看的呢，价钱还这么贵。,花花草草 价钱 好看 没意思 烟味 烂尾 点儿 炎炎夏日 灰尘 火车站 火车 瀑布 一同 烟头 漫步 演出票 漂亮 满街 满意 满地 滞留 激动 热带 湖贝路 热气球 特多 特地去 特区 特别 物价
东部华侨城茶溪谷,辣鸡团购 体验很差,团购 辣鸡 体验 点儿 炎炎夏日 灰尘 火车站 火车 瀑布 激动 漫步 一同 烂尾 漂亮 满街 满意 满地 滞留 溪谷 湖贝路 游玩 演出票 烟味 烟头 牌子 特多 特地去 特区 特别 物价
东部华侨城茶溪谷,感觉已经荒废了，没有大深圳公园好，茶园成了爬山虎的天下，能玩的关的差不多了,爬山虎 关的 能玩 茶园 荒废 深圳 感觉 公园 火车站 满地 烂尾 点儿 炎炎夏日 灰尘 火车 满意 烟味 瀑布 激动 漫步 演出票 漂亮 满街 一同 热气球 烟头 热带 特多 特地去 特区
东部华侨城茶溪谷,花几百块钱来看一堆杂草，看这样子似乎几年没打理了，荒草丛生，一副萧条的样子,样子 荒草 萧条 杂草 打理 点儿 炎炎夏日 灰尘 火车站 火车 瀑布 激动 烟味 漫步 演出票 漂亮 满街 满意 满地 滞留 烂尾 一同 特色 爬山虎 特地去 特区 特别 物价 牛杂 牙膏
东部华侨城茶溪谷,门口的景观一般。里面的就更差了。总体来说不值门票价。,总体 景观 票价 不值 激动 点儿 炎炎夏日 灰尘 火车站 火车 瀑布 一同 烂尾 演出票 漂亮 满街 满意 满地 滞留 溪谷 漫步 烟味 游玩 烟头 特多 特地去 特区 特别 物价 牛杂
东部华侨城茶溪谷,坑人的景点，广告做的那么好都是虚的，大老远的跑去，真的后悔极了，而且门票又贵又不值得，真的没广告说的那么好，别去,广告 真的 是虚 坑人 后悔 值得 景点 门票 炎炎夏日 灰尘 火车站 火车 瀑布 满地 漫步 溪谷 演出票 漂亮 滞留 满街 满意 激动 一同 湖贝路 烂尾 特多 特地去 特区 特别 物价
东部华侨城茶溪谷,花没有了，和普通公园类似，落寞了,落寞 类似 公园 一同 激动 点儿 炎炎夏日 灰尘 火车站 火车 瀑布 漫步 烟味 演出票 漂亮 满街 满意 满地 滞留 溪谷 烂尾 热带 烟头 牌子 特多 特地去 特区 特别 物价 牛杂
东部华侨城茶溪谷,不会再来！！！！！！！！！！！,一同 游泳圈 烂尾 点儿 炎炎夏日 灰尘 火车站 火车 瀑布 激动 漫步 演出票 漂亮 满街 满意 满地 滞留 溪谷 湖贝路 烟味 烟头 热带 牙膏 特色 特多 特地去 特区 特别 物价 牛杂
东部华侨城茶溪谷,没必要买135的票 买59的,一同 游泳圈 烂尾 点儿 炎炎夏日 灰尘 火车站 火车 瀑布 激动 漫步 演出票 漂亮 满街 满意 满地 滞留 溪谷 湖贝路 烟味 烟头 热带 牙膏 特色 特多 特地去 特区 特别 物价 牛杂
东部华侨城茶溪谷,山都荒了再也不去了，以前很喜欢去，这次去山都荒了，花都没了，设施都破旧了也没人管，花了300去走了两步路,没人管 花都 再也 喜欢 设施 满地 满意 烟味 烂尾 点儿 炎炎夏日 灰尘 火车站 火车 溪谷 瀑布 激动 烟头 演出票 滞留 漂亮 满街 漫步 热带 游玩 牙膏 特色 特多 特地去 特区
东部华侨城茶溪谷,设备老旧，风景也很一般，都是仿造的，在山顶上面，没什么非常有特色的地方，人少，没什么可玩的，不建议去！,没什么 仿造 设备 可玩 山顶 特色 风景 建议 非常 地方 激动 火车站 火车 瀑布 溪谷 滞留 漫步 演出票 炎炎夏日 漂亮 满街 满意 满地 灰尘 烂尾 点儿 爬山 特地去 特区 特别
东部华侨城茶溪谷,花了几百块进了个假景点？里面哪哪都是荒废的，店铺都是闭门的，设施破旧，也没有表演,闭门 店铺 表演 荒废 设施 景点 滞留 瀑布 溪谷 炎炎夏日 灰尘 火车站 火车 激动 满地 点儿 漫步 演出票 漂亮 满街 满意 一同 烟味 烂尾 爬山虎 特地去 特区 特别 物价 牛杂
东部华侨城茶溪谷,辣鸡团购 不要再这团,团购 辣鸡 漫步 点儿 炎炎夏日 灰尘 火车站 火车 瀑布 激动 一同 烂尾 漂亮 满街 满意 满地 滞留 溪谷 湖贝路 游玩 演出票 烟头 烟味 牌子 特多 特地去 特区 特别 物价 牛杂
东部华侨城茶溪谷,差评，完全没有去的必要。花海就一点点，估计也是为了应十一的景，弄了个国旗的画面。其他荒芜的可以。,画面 国旗 荒芜 花海 估计 瀑布 点儿 炎炎夏日 灰尘 火车站 火车 激动 烟味 漫步 演出票 漂亮 满街 满意 满地 滞留 溪谷 烂尾 一同 烟头 牌子 特多 特地去 特区 特别 物价
东部华侨城茶溪谷,里面很多景点不是在维修就是关门，而且只是名字好听的景点而已，里面根本就没有什么。但是风景还可以，空气比较清新，适合跟老人和小孩一起去。,景点 好听 清新 名字 小孩 老人 适合 空气 维修 关门 风景 火车 点儿 炎炎夏日 灰尘 火车站 一同 烂尾 激动 漫步 演出票 漂亮 满街 满意 满地 瀑布 烟味 溪谷 爬山虎 特地去
东部华侨城茶溪谷,额…里面啥都关门，吃的都没有，玩的只有小火车…,关门 火车 一同 烟味 点儿 炎炎夏日 灰尘 火车站 瀑布 激动 漫步 演出票 漂亮 满街 满意 满地 滞留 溪谷 湖贝路 烂尾 烟头 游泳圈 热带 特色 特多 特地去 特区 特别 物价 牛杂
东部华侨城茶溪谷,很多地方不开放，小火车也停开，票价还那么贵，,停开 票价 开放 火车 地方 溪谷 滞留 点儿 湖贝路 炎炎夏日 灰尘 火车站 瀑布 激动 烂尾 演出票 漂亮 满街 满意 满地 漫步 一同 游玩 烟头 特多 特地去 特区 特别 物价 牛杂
东部华侨城茶溪谷,垃圾。四季花田没了。超多断头路。乱七八糟的,断头 超多 没了 垃圾 激动 烂尾 点儿 炎炎夏日 灰尘 火车站 火车 瀑布 一同 烟味 演出票 漂亮 满街 满意 满地 滞留 溪谷 湖贝路 漫步 烟头 游泳圈 牌子 特多 特地去 特区 特别
东部华侨城茶溪谷,停车贵，门票贵，没什么看的，小吃多过景点,小吃 停车 景点 门票 没什么 瀑布 烂尾 点儿 炎炎夏日 灰尘 火车站 火车 一同 激动 演出票 漂亮 满街 满意 满地 滞留 溪谷 漫步 烟头 烟味 游玩 特多 特地去 特区 特别 物价
东部华侨城茶溪谷,对于茶溪谷，我什么有什么好感的，原计划是想去大峡谷玩，但由于天气原因所大峡谷好多项目都关闭了所以只能更改路线去了茶溪谷。冬天的茶溪谷，其实景色并没有什么。由于天气原因，雾非常大，在小火车上根本看不见什么。我买了一个观光车的那个票然后因为今天天气原因，玩儿的人很少所以旅行车，原计划是五到十分钟一趟。但我在站点儿等了足足半小时，也没有看见一辆车。我跟客服打电话投诉给我的答复是因为某些原因司机在屋里出不来。比较不推荐大家去游玩儿茶溪谷或者比较不推荐大家在下雨天去玩。,原因 溪谷 天气 计划 大峡谷 推荐 观光车 更改 出不来 儿茶 路线 点儿 司机 一辆车 旅行车 答复 好感 下雨天 足足 打电话 看不见 玩儿 客服 投诉 只能 游玩 关闭 项目 非常 景色
东部华侨城茶溪谷,景区没什么项目玩，木质火车的汽油位比较大，排对的人也多，其他没有项目可完，就散步还行，不过就为跑步没有必要跑这么远。,项目 木质 排对 汽油 可完 散步 跑步 景区 火车 没什么 演出票 漫步 烟味 激动 满意 瀑布 漂亮 火车站 灰尘 炎炎夏日 满街 滞留 点儿 烂尾 满地 烟头 湖贝路 热带 特色 特多
东部华侨城茶溪谷,没什么好玩的，没来过的就别来了。,没来 就别 好玩 没什么 溪谷 滞留 点儿 炎炎夏日 灰尘 火车站 火车 瀑布 激动 漫步 演出票 烟味 漂亮 满街 湖贝路 满意 满地 烂尾 一同 烟头 爬山虎 特地去 特区 特别 物价 牛杂
东部华侨城茶溪谷,特地去坐小火车，排了4个小时的队最后却因为工作人员的失误导致小火车项目停止，工作人员态度也不好，非常差的一次游玩,工作人员 火车 特地去 失误 停止 导致 态度 游玩 不好 项目 非常 小时 滞留 满地 满意 满街 炎炎夏日 漂亮 演出票 溪谷 漫步 激动 瀑布 湖贝路 算了 火车站 灰尘 烂尾 点儿 爬上来
东部华侨城茶溪谷,没有什么玩的，茶溪谷，挺失望的,失望 溪谷 瀑布 烟味 烂尾 点儿 炎炎夏日 灰尘 火车站 火车 激动 游玩 漫步 演出票 漂亮 满街 满意 满地 滞留 烟头 热带 热气球 牛杂 状态 特色 特多 特地去 特区 特别 物价
东部华侨城茶溪谷,驱车上山下山才到景区门口，结果135大洋进来什么都关闭，都封掉，连小孩都评价没东西可玩，无聊，个个都被逼疯了,封掉 大洋 逼疯 驱车 上山 可玩 评价 下山 小孩 东西 无聊 关闭 景区 牌子 瀑布 灰尘 特区 火车站 火车 特地去 特多 激动 点儿 漫步 演出票 漂亮 满街 满意 特色 炎炎夏日
东部华侨城茶溪谷,花了一百多，就逛了一个废弃的公园。除了几个卡通猪，其它都没整理，所有店全部关门的。,整理 卡通 废弃 关门 公园 瀑布 烂尾 点儿 炎炎夏日 灰尘 火车站 火车 一同 烟头 激动 漫步 演出票 漂亮 满街 满意 满地 滞留 烟味 热气球 热带 牙膏 特色 特多 特地去 特区
东部华侨城茶溪谷,和几年前去简直两个样，就是一个荒废的景点，设施老旧，没人打理，店没开，许多都封路，大家不要去。,封路 没开 打理 荒废 设施 景点 激动 炎炎夏日 灰尘 火车站 火车 瀑布 漫步 烂尾 演出票 漂亮 满街 满意 满地 滞留 溪谷 点儿 一同 烟味 游玩 特地去 特区 特别 物价 牛杂
东部华侨城茶溪谷,垃圾。四季花田也没了。植物园也没有。啥也没有。破败不堪,植物园 不堪 没了 破败 垃圾 一同 激动 炎炎夏日 灰尘 火车站 火车 瀑布 漫步 烂尾 演出票 漂亮 满街 满意 满地 滞留 溪谷 点儿 烟味 游玩 烟头 特多 特地去 特区 特别 物价
东部华侨城茶溪谷,谁去谁后悔，位置偏僻不说，而且特坑人，里面什么都没有值得玩的地方，没有保养好的，门票还贵,位置 保养 偏僻 坑人 后悔 值得 门票 地方 滞留 点儿 炎炎夏日 灰尘 火车站 满地 火车 烂尾 激动 漫步 演出票 漂亮 满街 满意 瀑布 一同 溪谷 牌子 特色 特多 特地去 特区
东部华侨城茶溪谷,13年过年的时候过去一次，没想到19年去。里面的设施全部坏了，房子旧，没有值得好看的项目,没想到 房子 好看 项目 设施 值得 满地 火车 烂尾 溪谷 点儿 炎炎夏日 灰尘 火车站 瀑布 满意 激动 滞留 烟味 演出票 漂亮 满街 漫步 一同 烟头 爬山虎 特地去 特区 特别 物价
东部华侨城茶溪谷,目前为止去过最差5A了吧，吃饭的地方都没有，不会再去第二次了,吃饭 最差 地方 火车 烟味 烂尾 点儿 炎炎夏日 灰尘 火车站 一同 烟头 激动 漫步 演出票 漂亮 满街 满意 满地 滞留 瀑布 热带 湖贝路 热气球 状态 特色 特多 特地去 特区 特别
东部华侨城茶溪谷,以下几点不满意：1、景点标识不清以及太少，不方便找具体景点以及走在路上不清楚在具体位置；2、很多台阶路，不方便推儿童车；3、好多景点没开，预订票时没提示，到现场才看到很多景点封了；4、停车费好贵，5个小时收了37元。,景点 标识 儿童 具体位置 台阶 以下几点 满意 现场 预订 提示 停车费 小时 烂尾 火车站 点儿 炎炎夏日 灰尘 一同 火车 烟味 激动 漫步 演出票 漂亮 满街 瀑布 热带 烟头 牌子 特多
东部华侨城茶溪谷,都不知看了个什么 山长水路远赶过来 失望。,山长 不知 水路 赶过来 失望 一同 激动 点儿 炎炎夏日 灰尘 火车站 火车 瀑布 演出票 漫步 烟味 漂亮 满街 满意 满地 滞留 溪谷 烂尾 热带 烟头 牌子 特多 特地去 特区 特别
东部华侨城茶溪谷,超级差 ，停车贵。所有商店基本关门，陈旧到不得了，人造景点不值一看。谁去谁后悔,不值一看 不得了 商店 人造 后悔 停车 关门 景点 灰尘 热带 烟头 烟味 烂尾 点儿 炎炎夏日 一同 火车站 瀑布 激动 漫步 演出票 漂亮 满街 满意 火车 热气球 滞留 热狗 狗屎 状态
东部华侨城茶溪谷,景区很多风景说在升级不能去，在景区内吃饭四个菜要五百多,景区 升级 吃饭 风景 点儿 炎炎夏日 灰尘 火车站 火车 瀑布 激动 一同 漫步 烟味 演出票 漂亮 满街 满意 满地 滞留 烂尾 烟头 湖贝路 热带 特色 特多 特地去 特区 特别 物价
东部华侨城茶溪谷,整个景区一半在维修停业中，在预订页面没有提示要求退款！,停业 页面 退款 提示 预订 维修 景区 满地 激动 湖贝路 炎炎夏日 灰尘 火车站 火车 瀑布 漫步 满意 演出票 溪谷 点儿 滞留 满街 漂亮 一同 烂尾 爬山 特地去 特区 特别 物价
东部华侨城茶溪谷,破破烂烂的，商铺全部关门，没得吃饭,商铺 吃饭 关门 烟头 烂尾 点儿 炎炎夏日 灰尘 火车站 火车 瀑布 激动 漫步 演出票 漂亮 满街 满意 满地 滞留 烟味 热带 湖贝路 热气球 状态 特色 特多 特地去 特区 特别 物价
东部华侨城茶溪谷,啥也没有，就是进入瞎转悠，花没开，坐了小火车还正赶上雾天，什么都看不到。,转悠 雾天 看不到 没开 火车 漂亮 灰尘 火车站 瀑布 激动 漫步 演出票 满意 满街 点儿 满地 滞留 溪谷 湖贝路 游玩 游泳圈 炎炎夏日 一同 游泳 烟味 特地去 特区 特别 物价 牛杂
东部华侨城茶溪谷,太差了，辣鸡！停车的设备也很差,辣鸡 设备 停车 游泳圈 漫步 炎炎夏日 灰尘 火车站 火车 瀑布 激动 演出票 游玩 点儿 满街 满意 满地 滞留 溪谷 湖贝路 漂亮 一同 游泳 烟味 特地去 特区 特别 物价 牛杂 牙膏
东部华侨城茶溪谷,没什么项目玩，很多地方不是封了就是停了，感觉很荒凉，刚觉玩的不值,刚觉 荒凉 不值 项目 感觉 没什么 地方 火车 烟味 烂尾 点儿 炎炎夏日 灰尘 火车站 一同 瀑布 激动 演出票 漂亮 满街 满意 满地 滞留 漫步 烟头 湖贝路 牌子 特多 特地去 特区
东部华侨城茶溪谷,景区一半在维修中预订门票没有提醒要求退票,退票 提醒 预订 维修 景区 门票 激动 点儿 炎炎夏日 灰尘 火车站 火车 瀑布 一同 漫步 烂尾 漂亮 满街 满意 满地 滞留 溪谷 演出票 烟味 游玩 烟头 特多 特地去 特区 特别
东部华侨城茶溪谷,第二次去，怎么变差了好多，内部餐厅好难吃，很多玩不了,变差 难吃 餐厅 一同 点儿 炎炎夏日 灰尘 火车站 火车 瀑布 激动 漫步 游玩 演出票 漂亮 满街 满意 满地 滞留 溪谷 烂尾 烟味 烟头 热带 特色 特多 特地去 特区 特别 物价
东部华侨城茶溪谷,简直坑爹。普通的公园都比它要好,公园 一同 激动 烂尾 点儿 炎炎夏日 灰尘 火车站 火车 瀑布 漫步 烟头 演出票 漂亮 满街 满意 满地 滞留 溪谷 湖贝路 烟味 热带 游泳圈 牙膏 特色 特多 特地去 特区 特别 物价
东部华侨城茶溪谷,史上第一坑！店铺全部关门，连吃饭的地方都没有！,店铺 吃饭 关门 地方 一同 瀑布 炎炎夏日 灰尘 火车站 火车 激动 烂尾 漫步 演出票 漂亮 满街 满意 满地 滞留 溪谷 点儿 烟味 游玩 牌子 特色 特多 特地去 特区 特别 物价
东部华侨城茶溪谷,里面商铺几乎全部关门了，都是些超级难吃的小摊。,小摊 难吃 商铺 关门 激动 点儿 炎炎夏日 灰尘 火车站 火车 瀑布 漫步 烟味 演出票 漂亮 满街 满意 满地 滞留 溪谷 烂尾 烟头 游玩 热带 特色 特多 特地去 特区 特别 物价
东部华侨城茶溪谷,不咋滴，去大峡谷才有趣，老人小孩适合去，没有刺激项目，唯独一个小火车项目还可以，排队要排几个小时，全程60分钟，半天就耗掉了，其他景点没有啥好逛的 累死人，夏天去的话 估计要脱几层皮。停车贼贵，不封顶，10块钱第一小时，第二小时起6块 ！票价跟大峡谷差不多，真不如去大峡谷玩下一，还可以体验下一些有趣的项目,大峡谷 项目 小时 有趣 好逛 唯独 封顶 累死 要脱 耗掉 全程 刺激 估计 块钱 小孩 停车 票价 老人 适合 排队 体验 火车 景点 牛杂 瀑布 牌子 激动 漫步 牙膏 煎锅
东部华侨城茶溪谷,所有桥全部都暂停使用。根本没地方走。,暂停 地方 一同 烟头 烂尾 点儿 炎炎夏日 灰尘 火车站 火车 瀑布 激动 漫步 演出票 漂亮 满街 满意 满地 滞留 烟味 热带 湖贝路 热气球 状态 特色 特多 特地去 特区 特别 物价
东部华侨城茶溪谷,好多项目地方都工作日都没有开放，差评,工作日 项目 开放 地方 演出票 炎炎夏日 灰尘 火车站 火车 瀑布 激动 漫步 漂亮 烂尾 满街 满意 满地 滞留 溪谷 湖贝路 游玩 点儿 一同 游泳圈 烟头 特多 特地去 特区 特别 物价
东部华侨城茶溪谷,工作日好多项目地方都没有人，差评,工作日 项目 地方 一同 漫步 炎炎夏日 灰尘 火车站 火车 瀑布 激动 漂亮 演出票 烂尾 满街 满意 满地 滞留 溪谷 湖贝路 点儿 烟味 游泳圈 烟头 特多 特地去 特区 特别 物价 牛杂
东部华侨城茶溪谷,一点都不好玩，里面商铺基本都关了,商铺 不好玩 一同 漫步 点儿 炎炎夏日 灰尘 火车站 火车 瀑布 激动 漂亮 演出票 烟味 满街 满意 满地 滞留 溪谷 湖贝路 烂尾 烟头 游泳圈 热带 特色 特多 特地去 特区 特别 物价
东部华侨城茶溪谷,无聊的景点，建议不去，没意思的,无聊 没意思 建议 景点 漫步 点儿 炎炎夏日 灰尘 火车站 火车 瀑布 激动 一同 演出票 烟味 漂亮 满街 满意 满地 滞留 溪谷 烂尾 烟头 游玩 热带 特色 特多 特地去 特区 特别
东部华侨城茶溪谷,妈   蛋！对携程一直很信赖！这次是携程体验有屎以来最差的一次体验，一大早到门口排队人还不多，携程购票后，找到换票人员，一女的，一直在接电话，验了票码，让等，人越来越多，聚了几十人，就是不给票，景区购票游客越来越多，等聚集了几十号人，她竟然排队才去买票，足足等了两小时，早知道还不如自己去排队买票！！！MD就是一帮票贩子在倒票！！！,携程 排队 买票 购票 越来越 体验 几十人 接电话 换票 一大早 票贩子 聚集 倒票 信赖 一女 票码 足足 找到 人员 最差 游客 小时 景区 漂亮 牙膏 激动 漫步 牛杂 演出票 特别
东部华侨城茶溪谷,人造景观、性价比超低、基本没啥子好玩的、可能小火车坐一趟好点但排队太久、旅游公交到大梅沙价格高还排队、2-3人还不如打车、不推荐,排队 打车 好点 公交 旅游 人造 景观 价格 性价比 推荐 好玩 火车 烂尾 烟头 烟味 满街 漂亮 漫步 点儿 激动 灰尘 热带 火车站 演出票 瀑布 炎炎夏日 一同 热气球 热狗 特多
东部华侨城茶溪谷,严重投诉茶溪谷不人性化检票及无理标准，该景点宣称70岁以上凭有效证件免票，同行老人家带着有身份证号码的老人证却遭拒绝，检票员坚持该老人证为无效证件，一定要出示身份证或者机票高铁票，甚至身份证的照片。该条政策是给老人家的优惠，不是只需证明该游客已过70岁就可以了吗？为何一定要坚持所谓的有效证件？再说，老人证上面有老人照片，身份证号以及发证机关盖章，为何不是有效证件？反而飞机票、高铁票这种是有效证件？而且检票处就根本没有检查证件真伪的仪器，如何证明这些所谓有效证件甚至身份证的真伪？？！！凭什么就说老人证无法证明真伪？为了如此无理的所谓景点政策难为一个80多岁的老人家在门口吹风，这些检票员也觉得心安理得，板着脸一定要出示所谓证件，完全是霸王条款一点也不人性化。打电话去景点投诉，客服人员又说可以凭深圳市的老人证就可以享受优惠，试问一句深圳市的老人证就肯定是真的证件？？我们所持的老人证在全国都可以享受优惠，在深圳就不可以了，这算是什么政策什么条款？所谓的投诉电话并没有帮我们解决问题也没有任何反馈消息，形同虚设。如此大一个景点竟有如此不合理不公平的优惠政策要求，不人性化的服务和形同虚设的投诉机制，如何迎四海宾客？？如何可持续发展？,老人 有效证件 证件 身份证 投诉 优惠 证明 真伪 政策 老人家 人性化 景点 检票 无理 出示 检票员 形同虚设 高铁 享受 条款 照片 深圳市 检查 宣称 号码 优惠政策 拒绝 持续 电话 身份证号
东部华侨城茶溪谷,不是很好玩，里面地方也不是很大，也没有什么好看的。,很大 好看 好玩 地方 一同 火车 点儿 炎炎夏日 灰尘 火车站 瀑布 烟味 激动 漫步 演出票 漂亮 满街 满意 满地 滞留 烂尾 热带 烟头 牌子 特多 特地去 特区 特别 物价 牛杂
东部华侨城茶溪谷,很水 所有饭店没开门 到处封闭维护 体验感巨差 游乐项目 都没开 热气球维护...没有小火车....空中漫步没开 都有蜘蛛结网了 感觉像是去爬山 这个门票不值得去,维护 结网 饭店 巨差 蜘蛛 开门 漫步 热气球 游乐 像是 没开 封闭 爬山 项目 体验 值得 火车 感觉 门票 漂亮 演出票 满街 满意 激动 满地 滞留 溪谷 湖贝路 瀑布 一同
东部华侨城茶溪谷,真心不值得，这么贵的门票，转了一会，感觉我一口血要喷出来了，里边没什么可以玩的，好多景点关闭，带女朋友高高兴兴的来，失望而归，真的令人失望，东部华侨城让我失望透顶，这辈子都不会来了，希望大家好好挑选旅游景点，东部华侨城茶溪谷就是一个大大大大大大坑坑坑坑坑坑坑,坑坑 华侨城 失望 挑选 这辈子 高高兴兴 喷出来 失望透顶 旅游景点 大坑 女朋友 真心 好好 希望 关闭 真的 值得 溪谷 感觉 景点 没什么 门票 火车站 灰尘 炎炎夏日 火车 点儿 烂尾 烟味 瀑布
东部华侨城茶溪谷,"1,基本没什么基础设施，仅有的一些凳子也是很脏，没人打理，都忙着挣钱去了，大家都懂的。
2,停车费不知道怎么算的，7个多小时52块钱。
3,整体逛下来跟普通公园一样，所以完全没有必要花这个钱跑那么远去逛一个公园，莲花山公园可能还好一点。
4,总的来说，体验很一般，没有特色，下次免费我也不会再去了，真想前往的三思。",公园 逛下来 基础设施 挣钱 三思 凳子 莲花山 还好 整体 很脏 块钱 停车费 打理 特色 小时 体验 免费 没什么 漫步 满意 炎炎夏日 灰尘 火车站 激动 满街 漂亮 火车 瀑布 演出票 点儿
东部华侨城茶溪谷,都是山路观光没啥实际好玩的，带小孩出门的家庭游估计也不太适宜，不是花期也没看到花卉基地，总之实际旅行获得感和门票定价着实不敢恭维。,花期 花卉 适宜 山路 定价 不敢恭维 基地 着实 旅行 出门 观光 家庭 估计 小孩 好玩 门票 海景 灰尘 烟味 烂尾 点儿 炎炎夏日 火车站 热带 火车 瀑布 激动 派出所 漫步 演出票
东部华侨城茶溪谷,茶溪谷现在很差，门票贵，在修，也没有提示，小火车也没有，等景点车至少30分钟以上，体验很差。景区工作人员一问三不知，态度不好，白花了660买了4张票，进去30就出来了。以后即使修好了，也不会再去。真是好意思，一个宣传这么好的景点。,景点 至少 白花 宣传 修好 好意思 提示 态度 工作人员 不好 体验 景区 溪谷 火车 门票 爬上来 漂亮 激动 漫步 牙膏 演出票 牛杂 物价 满街 满意 特别 特区 满地 滞留 瀑布
东部华侨城茶溪谷,这是我住过最差的7天酒店。酒店没毛巾，只有浴巾，牙膏打不开。叫前台加枕头，加了两个小时才能过来。隔音效果差的不能再差了，对面的房间说句话都能听见。停车位甚少，而且很窄。简单一句：比80块钱的房还差,酒店 听见 前台 很窄 打不开 停车位 枕头 浴巾 牙膏 隔音 简单 效果 说句话 房间 对面 块钱 最差 小时 火车 炎炎夏日 灰尘 火车站 牛杂 瀑布 烂尾 激动 特地去 漫步 演出票 漂亮
东部华侨城茶溪谷,很多地方没开，地图有点乱，感觉就像个公园似的，完全不值这个门票价，天禅表演不错，值得去看看,地图 表演 票价 不值 有点 不错 值得 感觉 地方 公园 激动 瀑布 漫步 火车 火车站 灰尘 炎炎夏日 演出票 点儿 烂尾 漂亮 满街 满意 烟味 烟头 一同 热带 热气球 特色 特多
东部华侨城茶溪谷,一般般吧，里面的物价相对平时翻倍，也没什么好玩的,翻倍 物价 相对 一般般 好玩 没什么 满地 瀑布 点儿 溪谷 炎炎夏日 灰尘 火车站 火车 激动 滞留 漫步 演出票 烟味 漂亮 满街 满意 烂尾 一同 烟头 湖贝路 特多 特地去 特区 特别
东部华侨城茶溪谷,慕名尔去，失望尔归。门票很贵：180，内容不多，半个景点在修，门票一分不少，景点粗制滥造，破败象露,景点 门票 象露 内容 破败 不少 失望 特别 炎炎夏日 灰尘 火车站 火车 特地去 瀑布 激动 漫步 演出票 特多 特色 漂亮 满街 满意 满地 滞留 特区 点儿 物价 烂尾 牛杂 牙膏
东部华侨城茶溪谷,湿地公园关了整修，大桥已封闭几年了，几个表演感觉敷衍了事，越来越对不起门票价了，另公交车涨到十五有点黑。。。,公交车 大桥 对不起 整修 越来越 封闭 表演 票价 有点 感觉 公园 激动 漫步 烂尾 演出票 瀑布 火车 火车站 漂亮 满街 灰尘 满意 满地 滞留 炎炎夏日 点儿 一同 烟味 爬山虎 特地去
东部华侨城茶溪谷,门票太贵，到门口要乘十五元的车，回程又是十五元。里面还要三十元的车不然根本走不动。最主要是里面根本不好玩，不推荐去，太不划算了。,不划算 走不动 回程 推荐 不好玩 门票 激动 点儿 炎炎夏日 灰尘 火车站 火车 瀑布 一同 漫步 演出票 漂亮 满街 满意 满地 滞留 溪谷 湖贝路 烂尾 烟头 烟味 游泳圈 特多 特地去 特区
东部华侨城茶溪谷,太差劲的景区，票价高到180元，里面没有项目可玩，净赚黑心钱，吵概念，严重损害特区形象。反衬华侨城品牌是赤裸裸的金钱本性。,本性 概念 特区 形象 损害 反衬 金钱 品牌 赚黑心钱 可玩 差劲 华侨城 票价 项目 景区 满意 满街 特多 特地去 漂亮 演出票 爬山虎 漫步 激动 瀑布 火车 特别 火车站 灰尘 炎炎夏日
东部华侨城茶溪谷,没意思  啥都没有   看也不好看  还不如去公园逛一圈,好看 没意思 公园 瀑布 烟味 烂尾 点儿 炎炎夏日 灰尘 火车站 火车 一同 烟头 漫步 演出票 漂亮 满街 满意 满地 滞留 溪谷 激动 热带 游玩 热气球 特多 特地去 特区 特别 物价
东部华侨城茶溪谷,设施老化，不维修。儿童乐园很多都玩不了。,老化 儿童乐园 维修 设施 滞留 瀑布 湖贝路 点儿 炎炎夏日 灰尘 火车站 火车 激动 溪谷 漫步 游泳圈 漂亮 满街 满意 满地 演出票 烂尾 烟味 烟头 特多 特地去 特区 特别 物价 牛杂
东部华侨城茶溪谷,真的差强人意，真的不建议去，越来越差,真的 差强人意 越来越 建议 满街 火车站 火车 瀑布 激动 漫步 演出票 漂亮 一同 炎炎夏日 满意 满地 滞留 溪谷 湖贝路 游玩 游泳圈 灰尘 烂尾 点儿 游水 特区 特别 物价 牛杂 牙膏
东部华侨城茶溪谷,去的时候赶上了湿地公园施工，都没有开放，三洲茶园也很一般，茶溪谷的蚊子很多，不推荐去，夏天推荐去大梅沙海滩下海。,推荐 下海 施工 三洲 赶上 茶园 蚊子 海滩 开放 溪谷 公园 漫步 激动 烟味 演出票 瀑布 漂亮 满街 满意 火车 火车站 灰尘 炎炎夏日 点儿 满地 滞留 烂尾 一同 烟头 湖贝路
东部华侨城茶溪谷,不太值得去。门票相对内容过高。,内容 相对 值得 门票 滞留 瀑布 溪谷 点儿 炎炎夏日 灰尘 火车站 火车 激动 满地 漫步 游玩 演出票 漂亮 满街 满意 烂尾 一同 烟味 烟头 特多 特地去 特区 特别 物价 牛杂
东部华侨城茶溪谷,去了一次不会再有第二次，简直浪费钱，风景就跟普通公园一样还要门票那么贵，里面的小吃收费简直吓死人,吓死人 小吃 浪费 收费 风景 门票 公园 火车 溪谷 烂尾 点儿 炎炎夏日 灰尘 火车站 满地 满意 滞留 激动 漫步 演出票 漂亮 满街 瀑布 烟头 烟味 游玩 特多 特地去 特区 特别
东部华侨城茶溪谷,真的没啥看的。 一天光排队等车了。景点等小火车。上山下山等大巴。一天花四五个小时等车。一点也不夸张,等车 天花 夸张 大巴 上山 下山 排队 小时 真的 火车 景点 特区 烂尾 状态 点儿 炎炎夏日 灰尘 火车站 瀑布 烟头 激动 漫步 演出票 漂亮 满街 满意 烟味 热带 特别 热气球
东部华侨城茶溪谷,茶溪谷一半关了还收全价，里面什么吃的店都倒闭了得自己带杯面去才有的吃，整个园已经是快倒闭的感觉,倒闭 还收 全价 杯面 溪谷 感觉 满街 瀑布 点儿 炎炎夏日 滞留 灰尘 火车站 火车 满地 满意 激动 烟味 漫步 演出票 漂亮 烂尾 一同 烟头 牌子 特多 特地去 特区 特别 物价
东部华侨城茶溪谷,没什么人去，当然去的人都是第一次去的，但我相信很多人跟我一样不会有第二次,没什么 一同 漫步 烂尾 点儿 炎炎夏日 灰尘 火车站 火车 瀑布 激动 演出票 烟头 漂亮 满街 满意 满地 滞留 溪谷 湖贝路 烟味 热带 游泳圈 牙膏 特色 特多 特地去 特区 特别 物价
东部华侨城茶溪谷,不值得，管理很乱，太坑人，服务很差。,坑人 服务 管理 值得 一同 激动 烂尾 点儿 炎炎夏日 灰尘 火车站 火车 瀑布 演出票 漫步 漂亮 满街 满意 满地 滞留 溪谷 烟味 热带 烟头 游玩 特色 特多 特地去 特区 特别
东部华侨城茶溪谷,春节期间，这里餐饮比香港，东京都贵，而且不卫生，人还多。国人现在真富裕。,富裕 香港 国人 东京都 餐饮 瀑布 烂尾 点儿 炎炎夏日 灰尘 火车站 火车 激动 烟头 漫步 演出票 漂亮 满街 满意 满地 滞留 溪谷 烟味 一同 游玩 热带 特色 特多 特地去 特区
东部华侨城茶溪谷,没有想到茶溪谷变得那么差 唉，还国家级的风景区呢，对咱们深圳人的联啊！,想到 风景区 变得 深圳 溪谷 漫步 炎炎夏日 灰尘 火车站 火车 瀑布 激动 一同 烂尾 演出票 漂亮 满街 满意 满地 滞留 点儿 烟味 游玩 烟头 特多 特地去 特区 特别 物价 牛杂
东部华侨城茶溪谷,拿票过程太复杂，搞了快半小时才拿到，还一张电子票一张纸票，很不高兴,电子 过程 拿到 拿票 纸票 一同 漫步 灰尘 火车站 火车 瀑布 激动 漂亮 演出票 点儿 满街 满意 满地 滞留 溪谷 湖贝路 炎炎夏日 烟味 烂尾 游泳圈 特地去 特区 特别 物价 牛杂
东部华侨城茶溪谷,从云南来的我觉得这里弱爆了，景色都是人工的，唯一亮点就是小火车。,云南 亮点 人工 景色 火车 烟味 烂尾 点儿 炎炎夏日 灰尘 火车站 瀑布 热带 激动 漫步 演出票 漂亮 满街 满意 满地 烟头 热狗 热气球 牛杂 状态 特色 特多 特地去 特区 特别
东部华侨城茶溪谷,开开心心的去，失望而归，因为受之前台风的影响，好多没有开放,台风 影响 开放 失望 满地 瀑布 烂尾 点儿 炎炎夏日 灰尘 火车站 火车 激动 满意 溪谷 烟味 演出票 滞留 漂亮 满街 漫步 烟头 热带 牙膏 特色 特多 特地去 特区 特别 物价
东部华侨城茶溪谷,不能退改是最差劲的了！特惠又怎样..,退改 差劲 一同 演出票 炎炎夏日 灰尘 火车站 火车 瀑布 激动 漫步 漂亮 烂尾 满街 满意 满地 滞留 溪谷 湖贝路 游玩 点儿 烟味 游泳 爬山虎 特地去 特区 特别 物价 牛杂 牙膏
东部华侨城茶溪谷,人多，不方便，根本没节目。携程很差，很烂。客服也很恶心,节目 很烂 客服 恶心 携程 漫步 点儿 炎炎夏日 灰尘 火车站 火车 瀑布 激动 一同 演出票 烂尾 满街 满意 满地 滞留 溪谷 湖贝路 漂亮 烟头 烟味 热带 特地去 特区 特别 物价
东部华侨城茶溪谷,携程超级垃圾！买错日期死活不让退换！霸王条款不懂变通！,变通 买错 死活 退换 条款 不让 霸王 携程 垃圾 满街 瀑布 点儿 炎炎夏日 灰尘 火车站 火车 满地 激动 漂亮 漫步 烂尾 满意 演出票 一同 烟头 烟味 牌子 特多 特地去 特区
东部华侨城茶溪谷,吃的贵，玩的没有，风景很差，就这样吧，建议去大峡谷,大峡谷 建议 风景 漫步 点儿 炎炎夏日 灰尘 火车站 火车 瀑布 激动 一同 演出票 游泳圈 满街 满意 满地 滞留 溪谷 湖贝路 漂亮 烂尾 烟味 烟头 特多 特地去 特区 特别 物价 牛杂
东部华侨城茶溪谷,一点都不好玩，里面什么特色都没有，建议不要去,特色 不好玩 建议 一同 演出票 炎炎夏日 灰尘 火车站 火车 瀑布 激动 漫步 满街 漂亮 烂尾 满意 满地 滞留 溪谷 湖贝路 点儿 烟味 游泳圈 烟头 特多 特地去 特区 特别 物价 牛杂
东部华侨城茶溪谷,最不好玩的景点，去过后悔呀，唉 停车费像抢钱样,抢钱 停车费 后悔 不好玩 景点 一同 激动 点儿 炎炎夏日 灰尘 火车站 火车 瀑布 漫步 烟味 演出票 漂亮 满街 满意 满地 滞留 烂尾 烟头 湖贝路 热带 特色 特多 特地去 特区 特别
东部华侨城茶溪谷,景点很少，缺乏维修！很多景点不能玩，不开放！,景点 缺乏 维修 开放 一同 激动 点儿 炎炎夏日 灰尘 火车站 火车 瀑布 演出票 漫步 湖贝路 漂亮 满街 满意 满地 滞留 烂尾 烟味 烟头 热带 特色 特多 特地去 特区 特别 物价
东部华侨城茶溪谷,其实是，没有什么景点。差差差，很坑很坑,差差 景点 一同 烂尾 点儿 炎炎夏日 灰尘 火车站 火车 瀑布 激动 漫步 烟头 演出票 漂亮 满街 满意 满地 滞留 溪谷 烟味 热带 游玩 牙膏 特色 特多 特地去 特区 特别 物价
东部华侨城茶溪谷,很差劲的景区里面没什么意思，不值,差劲 不值 景区 没什么 激动 烂尾 点儿 炎炎夏日 灰尘 火车站 火车 瀑布 一同 漫步 演出票 漂亮 满街 满意 满地 滞留 溪谷 烟味 热带 烟头 游玩 特色 特多 特地去 特区 特别
东部华侨城茶溪谷,人太多，没啥风景看，里面消费很贵,消费 风景 一同 漫步 炎炎夏日 灰尘 火车站 火车 瀑布 激动 演出票 烂尾 漂亮 满街 满意 满地 滞留 溪谷 湖贝路 点儿 烟味 游泳圈 烟头 特多 特地去 特区 特别 物价 牛杂 牙膏
东部华侨城茶溪谷,不能刷身份证入园，差差差，欺骗,身份证 入园 差差 欺骗 灰尘 火车站 火车 瀑布 激动 漫步 演出票 漂亮 一同 点儿 满街 满意 满地 滞留 溪谷 湖贝路 游玩 炎炎夏日 烟味 烂尾 游泳 特地去 特区 特别 物价 牛杂
东部华侨城茶溪谷,什么都没开放，简直一个大坑,大坑 开放 一同 点儿 炎炎夏日 灰尘 火车站 火车 瀑布 激动 漫步 演出票 漂亮 满街 满意 满地 滞留 溪谷 湖贝路 烂尾 烟味 烟头 牌子 特多 特地去 特区 特别 物价 牛杂 牙膏
东部华侨城茶溪谷,我很少在网上写评论，但是这个我觉得我必须要说一下。。。这个公园真的太太太无聊了，实在想不通这么高的评分是怎么来的？早上八点半出门，九点半左右到，买票的时候暗自惊了一下，作为一个逛了很多国内国外大景区大公园的人，觉得180不便宜，但是还是抱着“也许很有意思呢？”的心态买了票。入园后，却整个人都是“excuse me?wtf！”，所谓的欧洲风格小镇十分不伦不类，是谁给他们的自信标榜这是欧洲风格？！植物园非常小，植物也很少，所谓的蝴蝶园也只是有些蝴蝶标本而已。茶翁古镇（名字记不清了）就更恶心了，这尼玛是寨吧？！从入园到出园不过两个小时，那个天禅表演没看不做评价，但是主观认为也不会好到哪儿去。讲真，这样的公园，50块门票我都嫌贵：),蝴蝶 欧洲 风格 入园 公园 自信 记不清 也许 标榜 标本 没看 太太 心态 主观 便宜 评分 想不通 嫌贵 出门 名字 植物园 买票 茶翁 评论 有意思 植物 古镇 评价 实在 恶心
东部华侨城茶溪谷,垃圾茶溪谷，门票180，还不如免费的圆博园……最差的一次游玩！后悔……,博园 最差 后悔 游玩 垃圾 免费 溪谷 门票 特地去 瀑布 烂尾 点儿 炎炎夏日 灰尘 火车站 火车 激动 烟头 漫步 演出票 特色 漂亮 满街 状态 满意 烟味 特多 特区 爬山 特别
东部华侨城茶溪谷,时隔五年再一次去茶溪谷，感觉好像荒废了好多，索桥跟热气球都没有了，好可惜，有些建筑都没人打理，看起来挺颓废的，吃的也是挺坑的，一句话，挺失望的,颓废 没人 好像 可惜 热气球 时隔 建筑 打理 荒废 失望 溪谷 感觉 牛杂 激动 灰尘 火车站 火车 瀑布 特地去 漫步 特多 点儿 演出票 漂亮 满街 满意 满地 炎炎夏日 烂尾 牙膏
东部华侨城茶溪谷,没什么意思，大峡谷里的表演都是小表演，没什么看头。设施不够人性化，扶手梯大部份都在维修。场馆表演有好几个暂停，网上购票又没有注明哪些场馆表演不开，造成游客损失，不值票价，大峡谷加茶溪谷联票要300呢，还不包括天禅演出票。不值得来！！！！！,表演 场馆 大峡谷 没什么 加茶 包括 演出票 看头 联票 损失 注明 购票 扶手 暂停 人性化 票价 游客 不值 维修 设施 值得 溪谷 灰尘 炎炎夏日 激动 火车站 火车 瀑布 烂尾 漫步
东部华侨城茶溪谷,差评！！！！！！！！第一:设施不够人性化，扶手电梯只有上的，没有下的，没有斜坡，推着婴儿车的只能扛着走楼梯；第二:扶手电梯也不是全部开，基本有一半处于维修状态，造成游客极大不便；第三:这么大的娱乐地方，收门票这么贵，竟然没有应急措施。整个园区没有广播，下大雨，山顶游客被困观光台，没有避雨地方，没有广播安排如何疏通，也没有工作人员做安抚工作。从观景台下山只有两条路，要么坐索道，要么坐缆车。下雨两条路都停止开，直接被困，而且观光台上没有避雨地方。只有索道终点站那么点地方可以避雨，从索道终点站到缆车站全部楼梯，而且很远，也没有什么避雨设施。等了一个钟才有车到接驳点疏散游客，这么多游客滞留，安排车辆不够多，等车也等了半个钟。第四:交通指示及场馆维修告知不到位，不够密，设施维修或停开，全都要走到门口才告示，浪费游客时间，精力，到处奔走都没得玩。第五:地心4千里，6D影院等等本应陪被的3D眼镜，6D眼镜，雨衣等这些必需品还需游客另行购买，虽然不贵，但这些必须的道具本应配备才能观看或者游玩的，还要游客另行购买就很坑人。第六，各个表演时间安排不合理。,游客 避雨 安排 维修 购买 楼梯 两条路 广播 电梯 眼镜 缆车 地方 设施 扶手 被困 时间 雨衣 道具 告知 指示 接驳 地心 处于 疏通 疏散 滞留 配备 车辆 扛着 影院
东部华侨城茶溪谷,地方很小，也就是修了点别墅和湖很好看，跟那种免费的公园和有特色的@街道也差不了多少，交通费很贵，时间全耗在排队上了,全耗 街道 交通费 别墅 特色 时间 好看 很小 排队 免费 地方 公园 物价 瀑布 特区 炎炎夏日 灰尘 火车站 火车 漫步 激动 烂尾 特地去 特多 演出票 漂亮 满街 点儿 烟味 牛杂
东部华侨城茶溪谷,我在携程网上订的门票，为何没有价格，叫我如何报销，扫二维码又无效。显示门票的地方，只是显示，网络门票，门票原本是可以直接报销的，我在景点门口所买的门票，均有价格显示。,显示 门票 报销 价格 二维码 所买 上订 原本 网络 携程网 无效 景点 地方 火车 烂尾 点儿 炎炎夏日 灰尘 火车站 满意 漂亮 瀑布 激动 烟味 满街 漫步 演出票 状态 特色 烟头
东部华侨城茶溪谷,管来不管走，排队几个小时等不到车，回去夜宵都要吃不到了,不到 管来 回去 排队 小时 一同 瀑布 烂尾 点儿 炎炎夏日 灰尘 火车站 火车 激动 烟头 漫步 演出票 漂亮 满街 满意 满地 滞留 溪谷 烟味 热气球 热带 牙膏 特色 特多 特地去
东部华侨城茶溪谷,不好玩，就是个公园而已！孩子没玩的觉得无聊！,没玩 孩子 无聊 不好玩 公园 点儿 炎炎夏日 灰尘 火车站 火车 瀑布 漫步 激动 烟味 演出票 漂亮 满街 满意 满地 滞留 烂尾 烟头 湖贝路 热带 特色 特多 特地去 特区 特别 物价
东部华侨城茶溪谷,没什么可玩的，服务态度差，设施旧。,服务态度 可玩 设施 没什么 满地 满意 烟味 烂尾 点儿 炎炎夏日 灰尘 火车站 火车 瀑布 激动 热带 漫步 演出票 漂亮 满街 滞留 烟头 一同 湖贝路 牙膏 特色 特多 特地去 特区 特别
东部华侨城茶溪谷,跟人家美团上活动是一样，卖的的票价格不一样，差评，真心以后不敢信任携程网,卖的 美团 信任 携程网 真心 活动 价格 激动 点儿 炎炎夏日 灰尘 火车站 火车 瀑布 漂亮 漫步 演出票 烟味 满街 满意 满地 滞留 烂尾 烟头 湖贝路 热带 特色 特多 特地去 特区
东部华侨城茶溪谷,茶溪谷谁去谁后悔，垃圾！门票贵！根本不值这个价钱！大侠谷马马虎虎还行！,价钱 后悔 不值 垃圾 溪谷 门票 特别 点儿 炎炎夏日 灰尘 特多 火车站 火车 瀑布 激动 漫步 演出票 漂亮 满街 满意 特色 满地 滞留 特地去 烂尾 物价 特区 牛杂 牙膏 牌子
荔枝公园,基佬公園！！！！！！！！！！！！,基佬 公園 一同 激动 烂尾 点儿 炎炎夏日 灰尘 火车站 火车 瀑布 漫步 烟头 演出票 漂亮 满街 满意 满地 滞留 溪谷 烟味 热带 游玩 牙膏 特色 特多 特地去 特区 特别 物价
荔枝公园,环境卫生差！搞一些休闲娱乐的东西，可以让孩子，老人都可以多些娱乐？,娱乐 环境卫生 孩子 东西 休闲 老人 瀑布 点儿 炎炎夏日 灰尘 火车站 火车 一同 激动 烂尾 演出票 漂亮 满街 满意 满地 漫步 烟味 溪谷 爬山虎 特地去 特区 特别 物价 牛杂 牙膏
荔枝公园,就一个休闲公园，周末去逛逛。没啥的。,逛逛 休闲 公园 一同 激动 点儿 炎炎夏日 灰尘 火车站 火车 瀑布 漫步 烟味 演出票 漂亮 满街 满意 满地 滞留 溪谷 烂尾 热带 烟头 牌子 特多 特地去 特区 特别 物价 牛杂
荔枝公园,很小，适合居民遛弯，不是景点，看完画像不要来这里,画像 遛弯 居民 很小 适合 景点 激动 炎炎夏日 灰尘 火车站 火车 瀑布 一同 漫步 演出票 漂亮 满街 满意 满地 滞留 溪谷 点儿 烂尾 游玩 爬山 特区 特别 物价 牛杂 牙膏
羊台山森林公园,"2020年3月14日去了龙华绿道，写一下今天所经历的一件事，首先绿道一路风景特别好，但影响人心情的是在龙华绿道里买的草莓，说是自己摘的要30一斤，他们摘的25一斤，还有一些特别小的卖不出去的，预计是10元一斤左右。
今天自己摘了点，去结账的时候那的一个老太太不停的往我的篮子里加草莓，一开始以为是赠送几个，后来才知道是全部按照30员收费的，特别恶心，然后还偷偷的加了很多10块钱左右的在里边，本来一斤的硬是加到了两斤，因为家人在旁边扫码付款了就没和她计较，后来才发现很多都是烂的，是别人选剩下没人要的都加了进去，还把10块钱一斤特别小的也加到30元里边卖给了我们。真的是坏人变老了，劝去那边玩的一定好好欣赏风景，千万别买草莓，以免上当受骗。",草莓 特别 绿道 加到 龙华 块钱 风景 付款 剩下 劝去 卖给 不停 坏人 家人 扫码 偷偷 没人要 没和 上当受骗 硬是 篮子 结账 计较 赠送 预计 心情 经历 发现 欣赏 好好
羊台山森林公园,是个周末健身，的好地方！附近喜欢户外运动的朋友们值得一去。,健身 户外运动 朋友 喜欢 值得 地方 瀑布 烟味 烂尾 点儿 炎炎夏日 灰尘 火车站 火车 一同 激动 漫步 演出票 漂亮 满街 满意 满地 滞留 烟头 热气球 热带 牙膏 特色 特多 特地去
羊台山森林公园,爬山还行空气不错玩就没什么地方适合周末娱乐好去处,好去处 娱乐 爬山 适合 空气 不错 没什么 地方 演出票 火车 滞留 烂尾 点儿 炎炎夏日 灰尘 火车站 满地 漫步 瀑布 满意 满街 激动 漂亮 一同 烟头 烟味 湖贝路 特地去 特区 特别
羊台山森林公园,周边的人没事去玩玩还是可以的  钥匙大老远过来我看还是算了吧,算了吧 钥匙 没事 玩玩 一同 漫步 点儿 炎炎夏日 灰尘 火车站 火车 瀑布 激动 漂亮 演出票 烟味 满街 满意 满地 滞留 溪谷 湖贝路 烂尾 热带 烟头 游泳圈 特地去 特区 特别 物价
羊台山森林公园,第一次去，很累到上顶，看来还要多锻炼才行，好多树林不会太热，晚点好大的风挺不错的,累到 晚点 锻炼 树林 一同 点儿 炎炎夏日 灰尘 火车站 火车 瀑布 激动 烟味 漫步 演出票 漂亮 满街 满意 满地 滞留 溪谷 烂尾 烟头 游玩 牌子 特多 特地去 特区 特别 物价
羊台山森林公园,环境不错，山上空气好，爬山的好地方！,爬山 空气 环境 不错 地方 一同 炎炎夏日 灰尘 火车站 火车 瀑布 激动 烂尾 漫步 演出票 漂亮 满街 满意 满地 滞留 溪谷 点儿 烟头 烟味 牌子 特多 特地去 特区 特别 物价
羊台山森林公园,当年爬山，如今叫行山。现在完全不值一行。,叫行 爬山 不值 激动 点儿 炎炎夏日 灰尘 火车站 火车 瀑布 一同 烂尾 演出票 漂亮 满街 满意 满地 滞留 溪谷 湖贝路 漫步 烟头 烟味 牙膏 特色 特多 特地去 特区 特别 物价
大鹏半岛地质公园,地质公园不要门票，但是前面的停车场太坑人，停车15分钟内不收费，超过15分钟按一天20元收费，是不是宰客呢？,收费 超过 地质公园 停车场 坑人 停车 门票 满意 满街 溪谷 点儿 炎炎夏日 灰尘 火车站 火车 满地 瀑布 烂尾 激动 漫步 演出票 漂亮 滞留 烟头 烟味 游玩 特多 特地去 特区 特别
洪湖公园,严重投诉门口，那黑瘦高的保安，态度太牛了，简直赶上深圳市领导了，不仅骂人，还要动手打人，保安的为人民服务在哪里，请领导严查,领导 保安 太牛 打人 动手 严查 骂人 赶上 深圳市 投诉 态度 人民 服务 点儿 炎炎夏日 灰尘 火车站 一同 火车 烟味 瀑布 激动 漫步 演出票 漂亮 满街 烂尾 热气球 烟头 热带
洪湖公园,洪湖公园门口那个黑瘦，高个子，，保安不是为人民服务的吗，开车还没有进去就开始骂人，一副他的地盘他做主的模样，还想揍人，……,模样 高个子 地盘 做主 骂人 开车 保安 人民 服务 公园 滞留 瀑布 湖贝路 炎炎夏日 灰尘 火车站 火车 演出票 激动 漫步 满地 溪谷 漂亮 满街 满意 点儿 一同 烂尾 爬山虎 特地去
洪湖公园,现在的季节挺好的 荷花正开 很多游客拿着相机在拍照留念 有女朋友的可以带着女朋友过来走走 景色还行,女朋友 相机 留念 季节 荷花 拍照 走走 游客 景色 激动 灰尘 火车站 火车 瀑布 演出票 漫步 点儿 漂亮 满街 满意 满地 滞留 炎炎夏日 一同 烂尾 爬山 特区 特别 物价 牛杂
洪湖公园,还可以吧，现在去的人都不是很多了，是一个以荷花为主题，以水上活动为特色的综合性公园。,综合性 主题 荷花 活动 特色 公园 满街 漂亮 滞留 烟味 烂尾 点儿 炎炎夏日 满地 灰尘 火车站 火车 烟头 激动 漫步 满意 演出票 瀑布 热带 湖贝路 热气球 特多 特地去 特区 特别
洪湖公园,适合老人的公园 年轻人一般都不去公园 去公园的也不时尚也没什么帅哥美女,公园 时尚 年轻人 老人 适合 没什么 满地 烂尾 点儿 炎炎夏日 灰尘 火车站 火车 湖贝路 滞留 激动 漫步 溪谷 演出票 漂亮 满街 满意 瀑布 烟味 游泳圈 爬山虎 特地去 特区 特别 物价
洪湖公园,都差不多荒废啦，已经不能算经典了吧。,经典 荒废 一同 激动 点儿 炎炎夏日 灰尘 火车站 火车 瀑布 漫步 烟味 演出票 漂亮 满街 满意 满地 滞留 溪谷 湖贝路 烂尾 热带 烟头 牌子 特多 特地去 特区 特别 物价 牛杂
中心公园,景色好，趣味悠闲，性价比高，，，…………,趣味 性价比 景色 激动 烂尾 点儿 炎炎夏日 灰尘 火车站 火车 瀑布 漫步 烟头 演出票 漂亮 满街 满意 满地 滞留 溪谷 烟味 一同 游玩 牌子 特多 特地去 特区 特别 物价 牛杂
人民公园,我很喜欢公园，特别是心情最不好的时候,心情 喜欢 不好 特别 公园 激动 点儿 炎炎夏日 灰尘 火车站 火车 瀑布 一同 漫步 烟味 演出票 漂亮 满街 满意 满地 滞留 溪谷 烂尾 热气球 烟头 牌子 特色 特多 特地去 特区
龙华公园,公园太小了，就是个无聊！！！！,太小 无聊 公园 一同 激动 烂尾 点儿 炎炎夏日 灰尘 火车站 火车 瀑布 漫步 烟头 演出票 漂亮 满街 满意 满地 滞留 溪谷 烟味 热带 游玩 牙膏 特色 特多 特地去 特区 特别
龙华公园,卫生条件差，里面烟味很重，厕所马桶外观都是坏的，是的价位也不是最低的，所以差评，中途停电热死,厕所 最低 价位 烟味 停电 马桶 外观 卫生条件 灰尘 烂尾 点儿 炎炎夏日 一同 火车站 热带 火车 瀑布 激动 漫步 演出票 漂亮 满街 烟头 煎锅 热气球 牛杂 状态 特色 特多 特地去
龙华公园,去过一次，没啥逛的，情侣要小心，以前有抱着男士大腿要求买花的小朋友,大腿 男士 买花 情侣 小朋友 小心 烟味 烂尾 点儿 炎炎夏日 灰尘 火车站 瀑布 火车 热带 激动 漫步 演出票 漂亮 满街 满意 满地 烟头 一同 热气球 溪谷 特多 特地去 特区 特别
龙华公园,那里有个污水沟，臭死了，希望政府改善环境,臭死 污水沟 改善 政府 希望 环境 瀑布 烂尾 点儿 炎炎夏日 灰尘 火车站 火车 漫步 激动 演出票 漂亮 满街 满意 满地 滞留 溪谷 烟味 热气球 烟头 牌子 特多 特地去 特区 特别
龙华公园,龙华公园整体上已经比以前改善很多，但是一些方面跟别的新开发的公园没得比,龙华 开发 改善 没得 整体 公园 放松 烂尾 点儿 炎炎夏日 灰尘 火车站 火车 瀑布 激动 烟头 漫步 演出票 漂亮 满街 满意 满地 滞留 溪谷 烟味 热气球 热带 牙膏 特色 特多
龙华公园,一般般吧主要是太吵了在这里打个球打个羽毛球还是可以的。,羽毛球 个球 一般般 激动 烂尾 点儿 炎炎夏日 灰尘 火车站 火车 瀑布 演出票 漫步 漂亮 满街 满意 满地 滞留 溪谷 湖贝路 烟味 一同 游玩 热带 特色 特多 特地去 特区 特别 物价
龙华公园,家里的公园，免费入园，但是由于免费，现在比较脏了。,免费 入园 公园 一同 激动 烂尾 点儿 炎炎夏日 灰尘 火车站 火车 瀑布 漫步 烟头 演出票 漂亮 满街 满意 满地 滞留 溪谷 烟味 热气球 热带 牙膏 特色 特多 特地去 特区 特别
龙华公园,不建议去，没什么好玩的，而且卖花的小女孩特多,卖花 特多 小女孩 建议 好玩 没什么 满意 火车 烂尾 滞留 点儿 炎炎夏日 灰尘 火车站 瀑布 满街 激动 漫步 烟头 演出票 满地 漂亮 烟味 一同 热带 湖贝路 特地去 特区 特别 物价
龙华公园,可以每天早上，晚上跑步运动放松,放松 运动 跑步 一同 演出票 灰尘 火车站 火车 瀑布 激动 漫步 满街 漂亮 点儿 满意 满地 滞留 溪谷 湖贝路 游玩 炎炎夏日 烂尾 游泳 烟味 特地去 特区 特别 物价 牛杂 牙膏
龙华公园,很差，人多景点少，到处很脏，唉，后悔,很脏 后悔 景点 一同 瀑布 烂尾 点儿 炎炎夏日 灰尘 火车站 火车 激动 烟头 漫步 演出票 漂亮 满街 满意 满地 滞留 烟味 热带 湖贝路 牙膏 特色 特多 特地去 特区 特别 物价
龙华公园,还算可以，初来深圳可以走走，环境一般,走走 深圳 环境 一同 漫步 炎炎夏日 灰尘 火车站 火车 瀑布 激动 漂亮 演出票 烂尾 满街 满意 满地 滞留 溪谷 湖贝路 点儿 烟头 烟味 爬山虎 特地去 特区 特别 物价 牛杂 牙膏
龙华公园,没什么值去，就是老人没事去树荫下下下象棋还是不错的,下象棋 值去 树荫下 没事 老人 不错 没什么 瀑布 炎炎夏日 灰尘 火车站 火车 一同 烂尾 激动 漫步 演出票 漂亮 满街 满意 满地 滞留 溪谷 点儿 烟头 烟味 牌子 特多 特地去 特区
龙华公园,我都不去那了。没什么玩的，去了也白去。景色比以前好,景色 没什么 激动 烂尾 点儿 炎炎夏日 灰尘 火车站 火车 瀑布 一同 烟头 漫步 演出票 漂亮 满街 满意 满地 滞留 溪谷 烟味 热带 游玩 牙膏 特色 特多 特地去 特区 特别 物价
福田体育公园,环境也满好！早上操还是满多！晨晨起,环境 一同 漫步 点儿 炎炎夏日 灰尘 火车站 火车 瀑布 激动 演出票 烟味 漂亮 满街 满意 满地 滞留 溪谷 湖贝路 烂尾 烟头 游泳圈 牌子 特多 特地去 特区 特别 物价 牛杂 牙膏
福田体育公园,非常好，空气好晨练好多人的。加油,加油 晨练 空气 非常 一同 烂尾 点儿 炎炎夏日 灰尘 火车站 火车 瀑布 激动 烟头 漫步 演出票 漂亮 满街 满意 满地 滞留 烟味 热带 湖贝路 牙膏 特色 特多 特地去 特区 特别
福田体育公园,好的，非常好吧好吧好好休息一下,休息 好好 非常 一同 激动 点儿 炎炎夏日 灰尘 火车站 火车 瀑布 演出票 漫步 烟味 漂亮 满街 满意 满地 滞留 溪谷 烂尾 烟头 状态 牌子 特多 特地去 特区 特别 物价 牛杂
皇岗公园,只有小山没有水面，很多人跳广场舞。,水面 广场 烂尾 点儿 炎炎夏日 灰尘 火车站 火车 瀑布 激动 一同 演出票 漂亮 满街 满意 满地 滞留 溪谷 湖贝路 漫步 烟味 游泳圈 烟头 特多 特地去 特区 特别 物价 牛杂 牙膏
皇岗公园,到处是广场舞大妈，噪音扰民，就是个社区公园大小跑步都不值得推荐。,扰民 噪音 社区 大妈 广场 跑步 推荐 值得 公园 一同 灰尘 火车站 火车 瀑布 激动 漫步 演出票 漂亮 满街 满意 满地 滞留 溪谷 炎炎夏日 烂尾 点儿 爬山 特地去 特区 特别
皇岗公园,垃圾，蚊子比人多。一直在爬山，都没坐的地方,没坐 比人 蚊子 爬山 垃圾 地方 一同 灰尘 火车站 火车 瀑布 激动 漫步 点儿 演出票 漂亮 满街 满意 满地 滞留 溪谷 炎炎夏日 烟味 烂尾 游玩 特多 特地去 特区 特别 物价
皇岗公园,免费公园，目前公园的几乎一半面积都被广深港客运专线工地占据，而且工地时不时有噪声，不建议大家前往。如必须前往最近的地铁站应该是石厦站。,工地 噪声 占据 深港 石厦 时不时 面积 地铁站 公园 建议 免费 瀑布 炎炎夏日 灰尘 火车站 火车 演出票 激动 漫步 漂亮 满街 满意 满地 滞留 点儿 烟头 烂尾 爬山虎 特多 特地去
皇岗公园,去了一次，尴尬，蚊子多多，风景很一般，适合大妈们锻炼身体,尴尬 大妈 锻炼身体 蚊子 适合 风景 一同 激动 炎炎夏日 灰尘 火车站 火车 瀑布 演出票 漫步 漂亮 满街 满意 满地 滞留 溪谷 点儿 烂尾 游玩 爬山 特区 特别 物价 牛杂 牙膏
皇岗公园,这里人很多，有唱歌的，跳舞的，锻炼的，风景也不错。,唱歌 锻炼 跳舞 风景 不错 漫步 炎炎夏日 灰尘 火车站 火车 瀑布 激动 演出票 烂尾 漂亮 满街 满意 满地 滞留 溪谷 湖贝路 点儿 烟味 游泳圈 烟头 特多 特地去 特区 特别 物价
皇岗公园,一般般吧，一般跑步得人比较多，附近只有这么一个公园,跑步 一般般 公园 激动 烂尾 点儿 炎炎夏日 灰尘 火车站 火车 瀑布 一同 烟味 演出票 漂亮 满街 满意 满地 滞留 溪谷 湖贝路 漫步 烟头 游泳圈 牌子 特多 特地去 特区 特别 物价
皇岗公园,一个社区公园，可以跳广场舞，周边餐饮旺,餐饮 社区 广场 公园 一同 炎炎夏日 灰尘 火车站 火车 瀑布 激动 漫步 演出票 漂亮 满街 满意 满地 滞留 溪谷 湖贝路 游玩 点儿 烂尾 游泳 烟味 特地去 特区 特别 物价 牛杂
皇岗公园,感觉打理不怎么好，没有什么美感！,美感 不怎么 打理 感觉 激动 烂尾 点儿 炎炎夏日 灰尘 火车站 火车 瀑布 一同 漫步 烟味 漂亮 满街 满意 满地 滞留 溪谷 演出票 烟头 游玩 热带 特色 特多 特地去 特区 特别
皇岗公园,每天晚上人很多是真的我家附近的。,真的 一同 演出票 炎炎夏日 灰尘 火车站 火车 瀑布 激动 漫步 漂亮 烂尾 满街 满意 满地 滞留 溪谷 湖贝路 游玩 点儿 烟味 游泳 烟头 特多 特地去 特区 特别 物价 牛杂 牙膏
皇岗公园,皇岗比较大的公园还是不错的地方,皇岗 不错 地方 公园 一同 点儿 炎炎夏日 灰尘 火车站 火车 瀑布 激动 烟味 漫步 演出票 漂亮 满街 满意 满地 滞留 烂尾 烟头 湖贝路 热带 特色 特多 特地去 特区 特别 物价
皇岗公园,好的，非常好，可以去玩玩吧！,玩玩 非常 一同 漫步 点儿 炎炎夏日 灰尘 火车站 火车 瀑布 激动 漂亮 演出票 烟味 满街 满意 满地 滞留 溪谷 湖贝路 烂尾 烟头 状态 牌子 特多 特地去 特区 特别 物价 牛杂
皇岗公园,高铁修了快十年，整个把公园废掉了,废掉 高铁 公园 一同 漫步 点儿 炎炎夏日 灰尘 火车站 火车 瀑布 激动 演出票 烟味 漂亮 满街 满意 满地 滞留 溪谷 湖贝路 烂尾 烟头 游泳圈 牌子 特多 特地去 特区 特别 物价
笔架山公园,"就是很失望。
以及，女孩子一个人不要去那个山(细思极恐，待会儿讲)
深圳的公园都一个样吧，打五星的是没有见过树吗。公园里面绿色覆盖高，但是行道没有遮盖啊，和走光秃秃的大马路没有区别吧。
公园里的湖就和上个世纪的公园湖一样，十多年没有清理的感觉，居然还有船，真的醉了。
山下的工程不知道啥时候完工，很影响游客行走。
以及，那天和伙伴爬山，就两个女孩子，半山腰处遇到了一位园林管理员恶心的目光，看女孩子的眼神很有问题。瞪着他他还一直朝你笑。大家爬上山顶了，这个人还跟着爬上来，继续笑。去了观景台以后我们迅速下山离开了这里。",女孩子 公园 五星 覆盖 爬上来 细思 大马路 目光 极恐 伙伴 行走 管理员 眼神 园林 还跟着 遮盖 待会儿 清理 观景台 完工 半山腰 离开 区别 山顶 工程 绿色 下山 影响 恶心 爬山
四海公园,这里就像是一个废弃的地方，水臭色混，而且噪声污染严重。,臭色 噪声污染 废弃 像是 地方 满地 滞留 烂尾 点儿 炎炎夏日 灰尘 火车站 火车 溪谷 瀑布 激动 漫步 烟味 演出票 漂亮 满街 满意 一同 热带 烟头 牌子 特多 特地去 特区 特别
四海公园,这里早上跟晚上都是广场舞的天下。有非常多的广场舞队伍。,广场 队伍 非常 一同 漫步 炎炎夏日 灰尘 火车站 火车 瀑布 激动 演出票 游泳圈 漂亮 满街 满意 满地 滞留 溪谷 湖贝路 点儿 烂尾 烟味 烟头 特多 特地去 特区 特别 物价 牛杂
四海公园,每年中秋节，草坪上都有举办活动哦～门票是免费的，所以经常去吸引好多老年人过去跑步，锻炼身体,吸引 举办活动 草坪 老年人 锻炼身体 跑步 免费 门票 灰尘 烂尾 点儿 炎炎夏日 滞留 满地 满意 漂亮 满街 火车 瀑布 激动 漫步 演出票 火车站 热带 烟味 爬山虎 特地去 特区 特别 物价
四海公园,很不错，平常可以去那里遛狗....,平常 遛狗 不错 一同 漫步 炎炎夏日 灰尘 火车站 火车 瀑布 激动 演出票 烂尾 漂亮 满街 满意 满地 滞留 溪谷 湖贝路 点儿 烟头 烟味 爬山虎 特地去 特区 特别 物价 牛杂 牙膏
罗湖文化公园,其实公园真的不是很大，邻近地铁站。平时白天上下班的时候，由于很多人从湖贝路的入口，然后从乐园路走出来，过路的人比休憇的人还要多。,邻近 湖贝路 过路 上下班 乐园 地铁站 入口 很大 真的 公园 一同 炎炎夏日 灰尘 火车站 火车 瀑布 演出票 激动 漫步 漂亮 满街 满意 满地 滞留 点儿 热带 烂尾 爬山虎 特地去 特区
罗湖文化公园,人太多，而且很杂，地方不大，没啥意思。,很杂 啥意思 地方 一同 激动 点儿 炎炎夏日 灰尘 火车站 火车 瀑布 漫步 烟味 演出票 漂亮 满街 满意 满地 滞留 溪谷 烂尾 烟头 游玩 热带 特色 特多 特地去 特区 特别 物价
罗湖文化公园,还可以，就晚上12点几之后公园里面黑黑的有点害怕，如果有路灯就好了,害怕 路灯 有点 公园 激动 点儿 炎炎夏日 灰尘 火车站 火车 瀑布 一同 烟味 漫步 演出票 漂亮 满街 满意 满地 滞留 溪谷 烂尾 烟头 游玩 牌子 特多 特地去 特区 特别 物价
罗湖文化公园,全深圳市最差的公园！周边的地方让贪官租来做商业！狗屎又多，老人跳舞锻炼身体的地方都没有。,贪官 租来 商业 狗屎 地方 深圳市 锻炼身体 跳舞 最差 老人 公园 激动 炎炎夏日 灰尘 火车站 火车 瀑布 特区 点儿 演出票 漂亮 满街 满意 满地 滞留 溪谷 漫步 烟味 烂尾 特别
罗湖文化公园,很差劲，跟走进一个小区没有太大区别，杂乱，还有网吧在公园里面,杂乱 网吧 小区 走进 区别 差劲 公园 激动 点儿 炎炎夏日 灰尘 火车站 火车 瀑布 一同 漫步 演出票 漂亮 满街 满意 满地 滞留 溪谷 烂尾 热带 烟味 爬山虎 特地去 特区 特别
翠竹公园,"翠竹公园,很绿化,空气很好,值得一去,清明踏青的好去处，但是好像因为建地铁的关系，已经完全变样了哦～～",清明 变样 绿化 关系 好像 地铁 好去处 空气 值得 公园 热带 烟头 烟味 烂尾 点儿 炎炎夏日 一同 灰尘 火车 瀑布 激动 漫步 演出票 漂亮 满街 火车站 热气球 满地 热狗 特色
翠竹公园,翠竹公园半山腰的跑步路径，要是标有距离就更好！,标有 距离 路径 更好 半山腰 跑步 公园 一同 瀑布 灰尘 火车站 火车 激动 点儿 漫步 演出票 漂亮 满街 满意 满地 滞留 溪谷 炎炎夏日 烟味 烂尾 爬山 特区 特别 物价 牛杂
翠竹公园,那有这么好，周边搞建地铁,地铁 一同 烟味 点儿 炎炎夏日 灰尘 火车站 火车 瀑布 激动 漫步 演出票 漂亮 满街 满意 满地 滞留 溪谷 湖贝路 烂尾 烟头 游泳圈 热带 特色 特多 特地去 特区 特别 物价 牛杂
翠竹公园,早关门了，那里在搞房地产,关门 一同 烟味 点儿 炎炎夏日 灰尘 火车站 火车 瀑布 激动 漫步 演出票 漂亮 满街 满意 满地 滞留 溪谷 湖贝路 烂尾 烟头 游泳圈 热带 特色 特多 特地去 特区 特别 物价 牛杂
宝安公园,运动可以去，散步的好地方，空气好的让人舒心，放松放松自己，总之我是有空就去的，身体健康才是生命的本钱，想玩的朋友还是去欢乐谷吧，,放松 本钱 身体健康 想玩 欢乐谷 有空 生命 舒心 运动 朋友 散步 空气 地方 火车站 炎炎夏日 灰尘 点儿 火车 一同 瀑布 激动 烟味 漫步 演出票 漂亮 满街 满意 烂尾 煎锅 烟头
深圳人才公园,没意思，疯了走一圈都看不到出口，绕了好大一圈，不会再去了！,出口 看不到 没意思 一同 漫步 点儿 炎炎夏日 灰尘 火车站 火车 瀑布 激动 漂亮 演出票 烟味 满街 满意 满地 滞留 溪谷 烂尾 烟头 游玩 牌子 特多 特地去 特区 特别 物价 牛杂
龙城公园,客家人很多，但是这个公园没什么好玩的，纯粹休闲,客家人 休闲 好玩 没什么 公园 一同 点儿 炎炎夏日 灰尘 火车站 火车 瀑布 激动 烟味 漫步 演出票 漂亮 满街 满意 满地 滞留 烂尾 热带 烟头 牌子 特多 特地去 特区 特别 物价
坑梓公园,这里没必要去，虽然公园修的蛮不错，不过旁边的建筑整个就是城中村，还有就是这里的管理不好,城中村 建筑 不好 管理 不错 公园 烟头 烂尾 点儿 炎炎夏日 灰尘 火车站 火车 瀑布 注明 激动 漫步 演出票 漂亮 满街 满意 满地 滞留 烟味 热带 湖贝路 牙膏 特色 特多 特地去
坑梓公园,值得一去。好不错。希望你们也能喜欢，。。。。,喜欢 希望 不错 值得 烂尾 点儿 炎炎夏日 灰尘 火车站 火车 瀑布 一同 烟味 漫步 演出票 漂亮 满街 满意 满地 滞留 溪谷 激动 热带 烟头 游玩 特色 特多 特地去 特区 特别
坑梓公园,没什么亮点，公园四处是垃圾，脏乱差,亮点 脏乱差 垃圾 没什么 公园 一同 瀑布 烂尾 点儿 炎炎夏日 灰尘 火车站 火车 激动 烟头 漫步 演出票 漂亮 满街 满意 满地 滞留 烟味 热气球 热带 牙膏 特色 特多 特地去 特区
布吉公园,垃圾，該重建了。又髒又臭，滿地垃圾。千万不要去。,垃圾 重建 漫步 点儿 炎炎夏日 灰尘 火车站 火车 瀑布 激动 演出票 烟味 漂亮 满街 满意 满地 滞留 溪谷 湖贝路 烂尾 烟头 游泳圈 热带 特色 特多 特地去 特区 特别 物价 牛杂
布吉公园,现在根本不能算做一个公园当时为了建火车站把里面那个小山一半都铲掉了工程就停在那而且环境很差湖很脏垃圾随处可见游客不根本算不上游客布吉本来人流复杂,游客 算不上 火车站 随处可见 人流 工程 很脏 环境 垃圾 公园 点儿 炎炎夏日 灰尘 火车 瀑布 激动 一同 漫步 演出票 烂尾 满街 满意 满地 滞留 漂亮 烟头 烟味 湖贝路 特区 特别
布吉公园,一个小公园，基本没有人管理，修深圳东站后又给占了一部分地方，更差了。,东站 管理 深圳 地方 公园 火车 点儿 炎炎夏日 灰尘 火车站 瀑布 烟味 激动 漫步 演出票 漂亮 满街 满意 满地 滞留 烂尾 烟头 湖贝路 热带 特色 特多 特地去 特区 特别 物价
布吉公园,小时候收门票的时候还好，现在好多流浪汉，已经很多年没有去了…,流浪汉 小时候 还好 门票 激动 烂尾 点儿 炎炎夏日 灰尘 火车站 火车 瀑布 一同 漫步 演出票 漂亮 满街 满意 满地 滞留 溪谷 烟味 烟头 游玩 牌子 特多 特地去 特区 特别 物价
布吉公园,环境，娱乐设施极差。卫生条件不好。希望有所改善。,卫生条件 有所改善 极差 娱乐 希望 不好 环境 设施 烂尾 点儿 炎炎夏日 灰尘 火车站 瀑布 火车 烟头 激动 漫步 演出票 漂亮 满街 满意 满地 烟味 一同 热带 热气球 特地去 特区 特别
布吉公园,就当是一个平时散步，锻炼身体的场所，勉强还行。,就当 勉强 场所 锻炼身体 散步 一同 火车 烂尾 点儿 炎炎夏日 灰尘 火车站 瀑布 烟头 激动 漫步 演出票 漂亮 满街 满意 满地 滞留 烟味 热狗 热带 牙膏 特色 特多 特地去 特区
布吉公园,很脏，很乱，是我见过那么多公园最不满意的一个，希望能有所改善，给人们一个更好的环境。,满意 有所改善 更好 很脏 希望 环境 公园 灰尘 烟味 烂尾 点儿 炎炎夏日 一同 火车站 烟头 瀑布 激动 漫步 演出票 漂亮 满街 满地 火车 热气球 热带 溪谷 特多 特地去 特区 特别
布吉公园,假山不错，景太少，地方小，可供老年人小孩玩,假山 老年人 小孩 不错 地方 满意 火车 溪谷 烂尾 点儿 炎炎夏日 灰尘 火车站 瀑布 满地 激动 滞留 漫步 演出票 漂亮 满街 一同 烟味 游玩 烟头 特多 特地去 特区 特别 物价
布吉公园,现在变得像市场那样又吵又乱，简直是不想再来,市场 变得 不想 激动 烂尾 点儿 炎炎夏日 灰尘 火车站 火车 瀑布 漫步 烟头 演出票 漂亮 满街 满意 满地 滞留 溪谷 烟味 热带 游玩 牙膏 特色 特多 特地去 特区 特别 物价
布吉公园,布吉公园那里又脏又臭特别是塔上面很多人那里拉尿晚上谁敢去那里运动啊,拉尿 运动 特别 公园 一同 漫步 炎炎夏日 灰尘 火车站 火车 瀑布 激动 漂亮 演出票 烂尾 满街 满意 满地 滞留 溪谷 湖贝路 点儿 烟味 游泳圈 爬山虎 特多 特地去 特区 物价 牛杂
布吉公园,這裏人員複雜！安全意識底！而且還有壞人在裏面聚賭！保安不管.,意識 保安 一同 激动 烂尾 点儿 炎炎夏日 灰尘 火车站 火车 瀑布 演出票 漫步 烟头 漂亮 满街 满意 满地 滞留 溪谷 烟味 热带 游玩 牙膏 特色 特多 特地去 特区 特别 物价
布吉公园,很小很小的公园啦，也感觉没啥好玩的.如果你不怕闷的话.可以去布吉公园走走.晚上走的话还有很多艳遇哦.,很小 艳遇 公园 走走 好玩 感觉 满街 烂尾 点儿 炎炎夏日 滞留 灰尘 火车站 满地 火车 瀑布 激动 烟头 漫步 满意 演出票 漂亮 烟味 一同 热带 湖贝路 特地去 特区 特别 物价
布吉公园,三个字，脏乱差。周末下去去的，人超多，进去了后到处都弥漫这一股尿骚味，特别是公园里的塔寺楼台上，熏得受不了。很糟糕,楼台 塔寺 弥漫 骚味 受不了 熏得 糟糕 脏乱差 特别 公园 一同 炎炎夏日 灰尘 火车站 火车 瀑布 演出票 激动 漫步 漂亮 满街 满意 满地 点儿 烟头 烂尾 爬山虎 特多 特地去 特区
布吉公园,很旧的一个公园，说要拆却一直还没拆～已经没什么人去了，离的最近的石芽岭公园倒还不错～,石芽岭 公园 不错 没什么 一同 点儿 炎炎夏日 灰尘 火车站 火车 瀑布 激动 烟味 漫步 演出票 漂亮 满街 满意 满地 滞留 溪谷 烂尾 烟头 游玩 牌子 特多 特地去 特区 特别 物价
布吉公园,很普通的一个社区公园，没有什么，人太多，不推荐！,社区 推荐 公园 一同 烟味 点儿 炎炎夏日 灰尘 火车站 火车 瀑布 激动 漫步 演出票 漂亮 满街 满意 满地 滞留 溪谷 湖贝路 烂尾 烟头 游泳圈 牌子 特多 特地去 特区 特别 物价
布吉公园,布吉公园荒废了，破破烂烂不值得去，虽然破烂，每天还是不少人在那玩,破烂 不少 荒废 值得 公园 一同 瀑布 点儿 炎炎夏日 灰尘 火车站 火车 激动 漫步 演出票 漂亮 满街 满意 满地 滞留 溪谷 烂尾 烟头 烟味 游玩 特多 特地去 特区 特别 物价
布吉公园,不会，不是很好如果是我，就不会去哪里，很无聊的，没意思,无聊 没意思 一同 漫步 点儿 炎炎夏日 灰尘 火车站 火车 瀑布 激动 漂亮 演出票 烟味 满街 满意 满地 滞留 溪谷 湖贝路 烂尾 烟头 游泳圈 热带 特色 特多 特地去 特区 特别 物价
布吉公园,特别差劲，全深圳最差的公园，没有之一。,最差 差劲 特别 深圳 公园 瀑布 烂尾 点儿 炎炎夏日 灰尘 火车站 火车 激动 烟头 漫步 演出票 漂亮 满街 满意 满地 滞留 烟味 一同 热带 牌子 特色 特多 特地去 特区 物价
布吉公园,^0^^0^^0^垃圾中的战斗机，,战斗机 垃圾 一同 激动 烂尾 点儿 炎炎夏日 灰尘 火车站 火车 瀑布 演出票 漫步 烟头 漂亮 满街 满意 满地 滞留 溪谷 烟味 热带 游玩 牙膏 特色 特多 特地去 特区 特别 物价
布吉公园,没啥意思，布吉交通很烂。,很烂 啥意思 交通 一同 瀑布 烂尾 点儿 炎炎夏日 灰尘 火车站 火车 漫步 激动 烟头 演出票 漂亮 满街 满意 满地 滞留 烟味 热气球 热带 牙膏 特色 特多 特地去 特区 特别 物价
布吉公园,没什么，就一个普通的公园。设施一般，建设提高公园卫生质量。,建设 提高 质量 公园 设施 没什么 滞留 满地 点儿 炎炎夏日 灰尘 火车站 火车 瀑布 湖贝路 激动 漫步 演出票 烟味 漂亮 溪谷 满街 满意 烂尾 一同 烟头 爬山虎 特地去 特区 特别
布吉公园,都是大妈大叔娱乐的地方  地方很小  破旧  基本没有年轻人去 ！！,地方 大叔 大妈 年轻人 娱乐 很小 火车站 烂尾 点儿 炎炎夏日 灰尘 一同 瀑布 激动 漫步 演出票 漂亮 满街 满意 满地 火车 烟味 溪谷 烟头 特多 特地去 特区 特别 物价 牛杂
布吉公园,蚊子多，吵闹，很多老年人跳舞，年轻人打球，脏！！！评价完毕。,打球 吵闹 完毕 老年人 评价 蚊子 跳舞 年轻人 漫步 灰尘 火车站 火车 瀑布 激动 一同 演出票 漂亮 满街 满意 满地 滞留 溪谷 炎炎夏日 点儿 游玩 烂尾 特区 特别 物价 牛杂
布吉公园,都拆没了，那有什么玩的，而且又脏又臭。,拆没 游泳圈 烂尾 点儿 炎炎夏日 灰尘 火车站 火车 瀑布 激动 漫步 演出票 漂亮 满街 满意 满地 滞留 溪谷 湖贝路 烟味 烟头 热带 牙膏 特色 特多 特地去 特区 特别 物价 牛杂
布吉公园,环境差，周边正在改造导致成天的堵车，、、、、、、、、、、、,改造 堵车 导致 环境 滞留 激动 点儿 炎炎夏日 灰尘 火车站 火车 瀑布 漫步 满地 演出票 烟味 漂亮 满街 满意 溪谷 烂尾 烟头 游玩 牌子 特多 特地去 特区 特别 物价 牛杂
布吉公园,没有公园的有点，像市场一样，十几年前的布吉公园不是这样的,市场 公园 有点 烟头 烂尾 点儿 炎炎夏日 灰尘 火车站 火车 瀑布 一同 激动 漫步 演出票 漂亮 满街 满意 满地 滞留 溪谷 烟味 热气球 热带 牙膏 特色 特多 特地去 特区 特别
布吉公园,就一个乘凉的地方  吃饱了撑的没事干 随便走走 没啥好评的,好评 了撑 没事干 吃饱 乘凉 随便 走走 地方 火车 烂尾 点儿 炎炎夏日 灰尘 火车站 瀑布 烟头 激动 漫步 演出票 漂亮 满街 满意 满地 烟味 一同 热带 牌子 特多 特地去 特区
布吉公园,太吵了，面积小，人多很杂，四周环境差.....,面积 很杂 环境 一同 漫步 炎炎夏日 灰尘 火车站 火车 瀑布 激动 漂亮 演出票 烂尾 满街 满意 满地 滞留 溪谷 湖贝路 点儿 烟味 特色 爬山虎 特地去 特区 特别 物价 牛杂 牙膏
布吉公园,里面一点意思都没有，倒是很多老年人跳广场舞.,老年人 广场 一同 漫步 炎炎夏日 灰尘 火车站 火车 瀑布 激动 演出票 烂尾 漂亮 满街 满意 满地 滞留 溪谷 湖贝路 点儿 烟味 游泳圈 烟头 特多 特地去 特区 特别 物价 牛杂 牙膏
布吉公园,小的不能再小了，晚上很多大叔大妈跳舞,大叔 大妈 跳舞 一同 激动 炎炎夏日 灰尘 火车站 火车 瀑布 漫步 烂尾 演出票 漂亮 满街 满意 满地 滞留 溪谷 点儿 烟味 游玩 烟头 特多 特地去 特区 特别 物价 牛杂 牙膏
布吉公园,特别差，没人管理，鱼龙混杂的地方。,管理 特别 地方 一同 漫步 点儿 炎炎夏日 灰尘 火车站 火车 瀑布 激动 演出票 烟味 漂亮 满街 满意 满地 滞留 溪谷 湖贝路 烂尾 烟头 游泳圈 牌子 特色 特多 特地去 特区 物价
布吉公园,特别脏，特别乱，无人管理的公园,特别 无人 管理 公园 一同 激动 点儿 炎炎夏日 灰尘 火车站 火车 瀑布 漫步 烟味 演出票 漂亮 满街 满意 满地 滞留 溪谷 烂尾 热带 烟头 牌子 特色 特多 特地去 特区 物价
布吉公园,无人清理，里面脏乱差，最好别去,清理 无人 脏乱差 滞留 满地 烂尾 点儿 炎炎夏日 灰尘 火车站 火车 瀑布 激动 漫步 游玩 演出票 溪谷 漂亮 满街 满意 烟味 一同 烟头 热带 特色 特多 特地去 特区 特别 物价
布吉公园,"很差，很小，空气不好，
灰尘多",灰尘 很小 不好 空气 一同 漫步 炎炎夏日 火车站 火车 瀑布 激动 演出票 烂尾 漂亮 满街 满意 满地 滞留 溪谷 湖贝路 点儿 烟味 游泳圈 烟头 特多 特地去 特区 特别 物价 牛杂
平峦山公园,一般！在铁岗附近的可以去逛逛！和一般的公园没有太大区别！,逛逛 铁岗 区别 公园 激动 点儿 炎炎夏日 灰尘 火车站 火车 瀑布 一同 烟味 漫步 演出票 漂亮 满街 满意 满地 滞留 溪谷 烂尾 热气球 烟头 热带 特地去 特区 特别 物价 牛杂
平峦山公园,地方不错我去玩过风景还一般般吧，,一般般 风景 不错 地方 一同 烂尾 点儿 炎炎夏日 灰尘 火车站 火车 瀑布 激动 烟头 漫步 演出票 漂亮 满街 满意 满地 滞留 烟味 热带 湖贝路 热气球 状态 特色 特多 特地去 特区
铁仔山公园,不好玩，差劲！公园当中最差的一个,最差 差劲 不好玩 公园 瀑布 烟味 烂尾 点儿 炎炎夏日 灰尘 火车站 火车 一同 激动 烟头 演出票 漂亮 满街 满意 满地 滞留 溪谷 漫步 热带 游玩 牙膏 特色 特多 特地去 特区
月亮湾公园,一般般，感觉没什么好的不好玩，需继续更新,更新 一般般 不好玩 感觉 没什么 一同 瀑布 烂尾 点儿 炎炎夏日 灰尘 火车站 火车 漫步 激动 烟头 演出票 漂亮 满街 满意 满地 滞留 烟味 热气球 热带 牙膏 特色 特多 特地去 特区
月亮湾公园,还不错。森林茂密.散步好地方.,茂密 森林 散步 不错 地方 一同 点儿 炎炎夏日 灰尘 火车站 火车 瀑布 激动 烟味 漫步 演出票 漂亮 满街 满意 满地 滞留 烂尾 烟头 湖贝路 热带 特色 特多 特地去 特区 特别
观澜人民公园,挺适合观澜人民休闲娱乐的场所。,观澜 场所 人民 娱乐 休闲 适合 瀑布 点儿 炎炎夏日 灰尘 火车站 火车 漫步 激动 演出票 漂亮 满街 满意 满地 滞留 烂尾 一同 湖贝路 烟味 特地去 特区 特别 物价 牛杂 牙膏
观澜人民公园,自我感觉不怎么样、深圳去过两个人民公园了得是很小很普通…,自我感觉 了得 不怎么样 人民 很小 深圳 公园 烟味 烂尾 点儿 炎炎夏日 灰尘 一同 火车站 烟头 瀑布 激动 漫步 演出票 漂亮 满街 满意 火车 热气球 热带 牙膏 特色 特多 特地去 特区
观澜人民公园,一般适合下班或者周末出游，不需要门票，一般,出游 下班 适合 门票 特区 漫步 点儿 炎炎夏日 灰尘 火车站 火车 瀑布 激动 演出票 特别 漂亮 满街 满意 满地 滞留 溪谷 湖贝路 特多 烂尾 烟味 游玩 物价 牛杂 牙膏 牌子
西乡公园,一般，没什么可看的！下次不想去了……希望有点创新(๑•ั็ω•็ั๑),创新 可看 不想 希望 有点 没什么 激动 点儿 炎炎夏日 灰尘 火车站 火车 瀑布 一同 烟味 漫步 演出票 漂亮 满街 满意 满地 滞留 烂尾 热带 烟头 湖贝路 特色 特多 特地去 特区
西乡公园,还行，这强制评论20个字的规矩是不是要改一下。够霸王的…,强制 规矩 评论 霸王 一同 灰尘 火车站 火车 瀑布 激动 漫步 漂亮 演出票 点儿 满街 满意 满地 滞留 溪谷 湖贝路 炎炎夏日 烂尾 游泳圈 烟味 特地去 特区 特别 物价 牛杂 牙膏
西乡公园,比社区还烂，又旧又小，没什么大的作用,作用 社区 没什么 演出票 炎炎夏日 灰尘 火车站 火车 瀑布 激动 漫步 一同 烂尾 漂亮 满街 满意 满地 滞留 溪谷 湖贝路 点儿 烟味 游泳圈 烟头 特多 特地去 特区 特别 物价 牛杂
松岗公园,破地方破地方，修了好久还没修好,地方 修好 一同 激动 点儿 炎炎夏日 灰尘 火车站 火车 瀑布 漫步 游泳圈 演出票 漂亮 满街 满意 满地 滞留 溪谷 湖贝路 烂尾 烟味 烟头 热带 特色 特多 特地去 特区 特别 物价
松岗公园,还可以，游了一圈，感觉有点冷清，人不是很多,有点 感觉 一同 烂尾 点儿 炎炎夏日 灰尘 火车站 火车 瀑布 激动 漫步 烟头 演出票 漂亮 满街 满意 满地 滞留 溪谷 烟味 热气球 热带 牙膏 特色 特多 特地去 特区 特别 物价
松岗公园,一块风水宝地！儿童乐园，娱乐中心。有山有水,娱乐中心 有山有水 风水宝地 儿童乐园 瀑布 点儿 炎炎夏日 灰尘 火车站 火车 激动 烟味 漫步 演出票 漂亮 满街 满意 满地 滞留 溪谷 烂尾 烟头 游玩 牌子 特多 特地去 特区 特别 物价 牛杂
八仙岭公园,比较差的一个公园，建了几年了，就只有几条不是特别好的路，路灯也不是很亮。树木倒挺茂密，空气比较好吧。,茂密 树木 路灯 空气 特别 公园 激动 炎炎夏日 灰尘 火车站 火车 瀑布 一同 漫步 烂尾 演出票 漂亮 满街 满意 满地 滞留 溪谷 点儿 烟头 烟味 爬山虎 特多 特地去 特区 物价
八仙岭公园,为什么我看到的和人家看到的不一样！难道携程导航还能出错？,导航 出错 携程 一同 点儿 炎炎夏日 灰尘 火车站 火车 瀑布 激动 演出票 漫步 烟味 漂亮 满街 满意 满地 滞留 溪谷 烂尾 烟头 游玩 热带 特色 特多 特地去 特区 特别 物价
沙井中心公园,旧，人多，没什么东西玩的，不想再去了。。,不想 东西 没什么 溪谷 滞留 点儿 炎炎夏日 湖贝路 灰尘 火车站 火车 瀑布 激动 漫步 烟味 演出票 漂亮 满街 满意 满地 烂尾 烟头 游泳圈 热带 特色 特多 特地去 特区 特别 物价
沙井中心公园,看看就行，想玩儿，这里可没什么玩的，就几棵树,玩儿 没什么 一同 漫步 点儿 炎炎夏日 灰尘 火车站 火车 瀑布 激动 漂亮 演出票 烟味 满街 满意 满地 滞留 溪谷 湖贝路 烂尾 热带 烟头 牌子 特多 特地去 特区 特别 物价 牛杂
沙井中心公园,各种管理各种乱，治安也非常不好。,治安 不好 管理 非常 漫步 点儿 炎炎夏日 灰尘 火车站 火车 瀑布 激动 一同 演出票 烟味 漂亮 满街 满意 满地 滞留 溪谷 烂尾 热带 烟头 游玩 特色 特多 特地去 特区 特别
沙井中心公园,环境一般，没有什么特别之处。。,环境 一同 漫步 点儿 炎炎夏日 灰尘 火车站 火车 瀑布 激动 演出票 烟味 漂亮 满街 满意 满地 滞留 溪谷 湖贝路 烂尾 烟头 游泳圈 牌子 特多 特地去 特区 特别 物价 牛杂 牙膏
松坪山公园,喜欢到这个地方跑步，觉得空气很好而且还很有氛围,氛围 跑步 喜欢 空气 地方 点儿 炎炎夏日 灰尘 火车站 火车 瀑布 激动 一同 烂尾 演出票 漂亮 满街 满意 满地 滞留 溪谷 湖贝路 漫步 烟味 游泳圈 烟头 特多 特地去 特区 特别
松坪山公园,还好吧！环境一般，可以去那锻炼身体,还好 锻炼身体 环境 一同 漫步 炎炎夏日 灰尘 火车站 火车 瀑布 激动 漂亮 演出票 烂尾 满街 满意 满地 滞留 溪谷 湖贝路 点儿 烟头 烟味 爬山虎 特地去 特区 特别 物价 牛杂 牙膏
松坪山公园,好的，非常好去的地方，玩一下吧！,非常 地方 一同 激动 点儿 炎炎夏日 灰尘 火车站 火车 瀑布 漫步 烟味 演出票 漂亮 满街 满意 满地 滞留 溪谷 烂尾 烟头 游玩 热带 特色 特多 特地去 特区 特别 物价 牛杂
松坪山公园,还一般般吧！还可以去去玩玩的。,玩玩 一般般 一同 激动 烂尾 点儿 炎炎夏日 灰尘 火车站 火车 瀑布 演出票 漫步 烟头 漂亮 满街 满意 满地 滞留 溪谷 烟味 热气球 热带 牙膏 特色 特多 特地去 特区 特别 物价
松坪山公园,好的，非常好！可以去玩玩吧,玩玩 非常 一同 漫步 点儿 炎炎夏日 灰尘 火车站 火车 瀑布 激动 漂亮 演出票 烟味 满街 满意 满地 滞留 溪谷 湖贝路 烂尾 烟头 状态 牌子 特多 特地去 特区 特别 物价 牛杂
松坪山公园,不要钱的散步地方还是可以去转转的,转转 散步 地方 漫步 炎炎夏日 灰尘 火车站 火车 瀑布 激动 演出票 烂尾 漂亮 满街 满意 满地 滞留 溪谷 湖贝路 游玩 点儿 烟味 游泳 烟头 特多 特地去 特区 特别 物价 牛杂
围岭公园,围岭公园管理的实在是太差，深圳所有的公园谁听说过不给挂吊床，围岭公园的保安说，主任不同意，公园是国家的的，是为人民修建的，公园本身什么设施都没有，老百姓周末都喜欢去哪里带孩子玩会，深圳所有公园都给挂吊床，供大家休闲，唯有围岭公园的主任不同意，公园是为人民修建的，是为方便老百姓，不是为了管理主任的个人意识为主导，什么叫为人民服务，真希望管理部门能为人民着想,公园 人民 围岭 管理 老百姓 修建 吊床 同意 深圳 着想 太差 意识 部门 国家 玩会 听说 孩子 实在 保安 休闲 喜欢 希望 服务 设施 火车站 灰尘 特地去 炎炎夏日 点儿 火车
围岭公园,围岭公园属于市政烂尾工程 多年一直未完工 只有部分修了路其余还是荒山,烂尾 荒山 市政 围岭 完工 工程 公园 瀑布 点儿 炎炎夏日 灰尘 火车站 火车 一同 烟味 漫步 演出票 漂亮 满街 满意 满地 滞留 溪谷 激动 热气球 烟头 热带 特地去 特区 特别
围岭公园,合肥公交看蛮不错的都要加班v地方很近接你吧,加班 合肥 公交 不错 地方 烟味 烂尾 点儿 炎炎夏日 灰尘 火车站 一同 火车 瀑布 激动 漫步 演出票 漂亮 满街 满意 满地 烟头 热气球 热带 溪谷 状态 特色 特多 特地去 特区
凤凰山国家矿山公园,没有什么好玩的，还在建设中，期待以后的景观,期待 景观 好玩 一同 火车 烟味 烂尾 点儿 炎炎夏日 灰尘 火车站 激动 瀑布 漫步 演出票 漂亮 满街 满意 满地 滞留 烟头 热带 狗屎 牙膏 特色 特多 特地去 特区 特别 物价
求水山景区,一点都不好玩，摩天轮啥的都没放，说好的樱花，结果就几颗，还是没怎么开的，门票有好几种，有如果不买全票，看那几颗没开的花都要一人五十，坑得不要不要的，停车费还老贵，半个钟计一次，去一次不会去第二次的地方,钟计 樱花 说好 摩天轮 没放 全票 花都 没开 停车费 不好玩 门票 地方 火车 一同 火车站 灰尘 瀑布 炎炎夏日 演出票 激动 漫步 烂尾 漂亮 满街 满意 满地 滞留 点儿 热狗 烟味
求水山景区,垃圾的要死，工作人员态度极差，以后再也不会来。,要死 再也不会 极差 态度 工作人员 垃圾 漫步 炎炎夏日 灰尘 火车站 火车 瀑布 激动 演出票 烂尾 漂亮 满街 满意 满地 滞留 溪谷 点儿 烟头 烟味 爬山虎 特地去 特区 特别 物价 牛杂
铁岗公园,一般般，很小的公园，可以走走看看,走走看看 很小 一般般 公园 一同 激动 点儿 炎炎夏日 灰尘 火车站 火车 瀑布 漫步 烟味 演出票 漂亮 满街 满意 满地 滞留 溪谷 烂尾 热带 烟头 牌子 特多 特地去 特区 特别 物价
铁岗公园,铁岗公园是个休闲的地方。可以来这里享受这边的美食。,美食 享受 铁岗 休闲 地方 公园 烂尾 点儿 炎炎夏日 灰尘 火车站 火车 瀑布 一同 激动 烟味 演出票 漂亮 满街 满意 满地 滞留 漫步 热带 烟头 牌子 特多 特地去 特区 特别
铁岗公园,没什么感觉。不是因为她有些小朋友堆雪人和谐,和谐 小朋友 感觉 没什么 一同 烟味 烂尾 点儿 炎炎夏日 灰尘 火车站 火车 瀑布 激动 热带 漫步 演出票 漂亮 满街 满意 满地 滞留 烟头 热狗 热气球 湖贝路 特色 特多 特地去 特区
坪山公园,免费，小，在修缮，没什么可看的。,修缮 可看 免费 没什么 一同 点儿 炎炎夏日 灰尘 火车站 火车 瀑布 激动 漫步 烟味 演出票 漂亮 满街 满意 满地 滞留 溪谷 烂尾 热带 烟头 游玩 特色 特多 特地去 特区 特别
坪山公园,坪山公园偶尔去镇上会路过，有两个门，一个对面是坪山汽车站，另外一个门在坪山街道办对面，门口有很多算命点痣的，里面经常有附近的居民跳舞，比较小比较吵。,坪山 对面 算命 汽车站 镇上 路过 街道办 居民 跳舞 公园 满地 激动 火车站 火车 溪谷 瀑布 演出票 漫步 满意 漂亮 炎炎夏日 滞留 满街 灰尘 烟味 点儿 烂尾 特区 特别 物价
坪山公园,不好，没什么看的，也没什么玩的，人也少，,没什么 不好 演出票 点儿 炎炎夏日 灰尘 火车站 火车 瀑布 激动 漫步 一同 烟味 漂亮 满街 满意 满地 滞留 溪谷 湖贝路 烂尾 烟头 游泳圈 热带 特色 特多 特地去 特区 特别 物价
坪山公园,很稀烂的地方，什么都木有，而且里面还很小,稀烂 很小 地方 一同 激动 炎炎夏日 灰尘 火车站 火车 瀑布 漫步 烂尾 演出票 漂亮 满街 满意 满地 滞留 溪谷 湖贝路 点儿 烟味 游泳圈 烟头 特多 特地去 特区 特别 物价 牛杂
福田红树林生态公园,公园不算很大，旁边有边防设施。整个公园高达的树木不多，可以遮荫的地方不多。炎炎夏日走起来挺痛苦的。景色一般和随处可见的公园差不多啊。虽然离海边不远到看不见海也没海风。唯一的好处就是，不用门票,公园 遮荫 不用 边防 海风 不远 高达 好处 炎炎夏日 随处可见 不算 树木 看不见 很大 景色 设施 门票 地方 漂亮 漫步 激动 瀑布 火车 火车站 满街 满意 灰尘 演出票 烟味 点儿
红花山公园,没什么好玩，景色也是一般般。。,一般般 景色 好玩 没什么 烟味 烂尾 点儿 炎炎夏日 灰尘 火车站 火车 瀑布 热带 激动 漫步 演出票 漂亮 满街 满意 满地 滞留 烟头 一同 湖贝路 牙膏 特色 特多 特地去 特区 特别
红花山公园,一个免费的公园，范围挺大的，一般般,挺大 一般般 免费 公园 一同 瀑布 烂尾 点儿 炎炎夏日 灰尘 火车站 火车 漫步 激动 烟头 演出票 漂亮 满街 满意 满地 滞留 溪谷 烟味 热气球 热带 牙膏 特色 特多 特地去 特区
清湖湿地公园,这个公园还可以的，环境不错，休息日过来洗洗肺是个不错选择。,不错 洗洗 选择 环境 公园 一同 烂尾 点儿 炎炎夏日 灰尘 火车站 火车 激动 瀑布 漫步 演出票 漂亮 满街 满意 满地 滞留 烟味 热带 烟头 牌子 特多 特地去 特区 特别 物价
石岩湿地公园,湿地公园还是一片工地，没有开放，只有周边的绿道可以走走。,工地 绿道 走走 开放 公园 漫步 炎炎夏日 灰尘 火车站 火车 瀑布 激动 漂亮 演出票 烂尾 满街 满意 满地 滞留 溪谷 湖贝路 游玩 点儿 一同 烟味 爬山虎 特地去 特区 特别 物价
马峦山郊野公园,今天从马峦山的马峦入口进入，好失望，没有溯溪，全是小公路，还没树荫。著名的瀑布只剩一根线。山上是上世纪的农民房和故居，唯一还可以看的风景点是远远的水库。我去了个假马峦？,马峦 农民房 世纪 远远 树荫 风景点 公路 故居 著名 水库 瀑布 入口 失望 点儿 激动 漫步 火车 演出票 漂亮 满街 火车站 满意 灰尘 满地 炎炎夏日 烟味 烂尾 溪谷 特地去 特区
铁路公园,没有当初的韵味了，没啥意思，不值得浪费时间,韵味 浪费时间 啥意思 值得 溪谷 滞留 烂尾 点儿 炎炎夏日 灰尘 火车站 火车 湖贝路 瀑布 激动 烟味 演出票 漂亮 满街 满意 满地 漫步 烟头 游泳圈 牌子 特多 特地去 特区 特别 物价
